Education,Marital_Status,Income,Kids,Expense,TotalAcceptedCmp,NumTotalPurchases,Age,engagement_days
PG,Single,58138.0,0,1617,0,25,67,849
PG,Single,46344.0,2,27,0,6,70,299
PG,Couple,71613.0,0,776,0,21,59,498
PG,Couple,26646.0,1,53,0,8,40,325
PG,Couple,58293.0,1,422,0,19,43,347
PG,Couple,62513.0,1,716,0,22,57,479
PG,Single,55635.0,1,590,0,21,53,779
PG,Couple,33454.0,1,169,0,10,39,603
PG,Couple,30351.0,1,46,0,6,50,574
PG,Couple,5648.0,2,49,1,2,74,294
PG,Couple,52720.37365591398,1,19,0,4,41,412
UG,Couple,7500.0,0,61,0,6,48,779
PG,Single,63033.0,0,1102,0,16,65,412
PG,Single,59354.0,2,310,0,15,72,412
PG,Couple,17323.0,0,46,0,5,37,813
PG,Single,82800.0,0,1315,2,26,78,768
PG,Couple,41850.0,2,96,0,9,44,738
PG,Couple,37760.0,0,317,0,13,78,853
PG,Couple,76995.0,1,1782,1,26,75,644
PG,Single,33812.0,1,133,0,8,39,789
PG,Couple,37040.0,0,316,0,12,42,876
PG,Couple,2447.0,1,1730,0,43,45,725
PG,Couple,58607.0,1,972,1,17,75,739
PG,Couple,65324.0,1,544,0,20,70,355
PG,Couple,40689.0,1,444,0,20,73,654
PG,Single,18589.0,0,75,0,8,55,729
PG,Couple,53359.0,2,257,0,14,48,584
PG,Single,52720.37365591398,1,637,0,27,38,680
PG,Couple,38360.0,1,131,0,9,35,580
PG,Couple,84618.0,0,1672,1,26,59,405
PG,Single,10979.0,0,30,0,8,35,224
PG,Couple,38620.0,0,318,0,11,61,600
PG,Couple,40548.0,1,120,1,9,54,813
PG,Single,46610.0,2,302,0,17,72,794
PG,Couple,68657.0,0,1196,0,18,78,680
PG,Single,49389.0,2,65,0,6,73,490
PG,Couple,67353.0,1,913,0,28,54,366
PG,Couple,23718.0,1,81,0,9,48,486
PG,Single,42429.0,1,67,0,7,51,324
PG,Single,48948.0,0,902,1,24,81,699
PG,Couple,80011.0,1,1395,0,21,44,612
PG,Couple,20559.0,1,53,0,7,39,660
PG,Couple,21994.0,1,22,0,4,67,738
PG,Single,56145.31392931393,0,186,0,9,65,422
PG,Couple,7500.0,1,31,0,8,49,456
PG,Single,79941.0,0,984,0,16,48,187
PG,Couple,7500.0,0,122,0,10,28,783
PG,Couple,41728.0,1,55,0,5,56,587
PG,Single,52720.37365591398,3,124,0,10,73,365
PG,Couple,72550.0,2,1319,0,28,70,784
PG,Single,65486.0,1,507,0,17,67,234
PG,Couple,79143.0,0,1693,0,29,60,873
PG,Single,35790.0,1,72,0,7,47,729
PG,Single,82582.0,0,1617,2,21,47,208
PG,Couple,66373.0,2,606,0,23,46,568
PG,Couple,82384.0,0,1957,1,27,69,773
PG,Single,70287.0,0,1093,0,21,58,639
PG,Single,27938.0,1,29,0,6,36,248
PG,Single,52720.37365591398,1,46,0,7,42,563
PG,Couple,55954.0,1,518,0,19,56,304
PG,Single,75777.0,0,1438,2,21,42,546
PG,Couple,66653.0,2,612,0,22,49,846
PG,Single,61823.0,1,884,0,24,72,682
PG,Single,67680.0,1,606,0,19,73,569
PG,Couple,70666.0,0,1076,0,16,76,391
PG,Couple,25721.0,1,34,0,5,53,590
PG,Couple,32474.0,2,11,0,4,57,235
PG,Single,88194.0,1,1274,2,32,45,288
PG,Couple,69096.0,1,653,0,18,66,461
PG,Couple,74854.0,3,1562,0,19,54,633
PG,Couple,66991.0,0,1253,0,21,70,842
PG,Couple,47633.19,1,109,0,9,51,839
PG,Couple,65031.0,1,863,0,30,65,655
PG,Couple,60631.0,2,661,1,24,49,636
PG,Couple,28332.0,0,65,0,8,72,246
PG,Single,40246.0,1,13,0,4,47,743
PG,Couple,75251.0,0,1890,0,19,52,857
PG,Single,75825.0,0,2209,1,22,48,811
PG,Couple,26326.0,0,18,0,4,48,484
PG,Couple,56046.0,0,692,1,21,59,729
PG,Single,29760.0,1,165,0,12,39,855
PG,Couple,26304.0,1,16,0,4,55,557
PG,Couple,23559.0,1,79,0,9,51,547
PG,Couple,38620.0,0,318,0,11,61,600
PG,Single,81361.0,0,778,0,27,37,310
PG,Couple,29440.0,2,56,0,7,64,508
PG,Couple,36138.0,2,151,1,13,54,534
PG,Single,50388.0,1,372,2,17,67,218
PG,Couple,79593.0,0,1366,1,19,51,234
PG,Couple,54178.0,1,194,0,10,57,345
PG,Couple,56145.31392931393,3,603,0,29,67,773
PG,Single,52720.37365591398,2,18,0,4,67,219
PG,Couple,52917.53424657534,0,985,0,15,51,404
PG,Single,42394.0,1,32,0,5,52,284
PG,Couple,23626.0,1,43,0,10,54,222
PG,Couple,30096.0,1,45,0,6,41,224
PG,Single,47916.0,1,606,1,22,64,770
PG,Single,51813.0,2,63,0,7,52,630
PG,Couple,78497.0,0,978,1,25,73,396
PG,Couple,50150.0,0,410,0,16,41,560
PG,Single,47823.0,1,72,0,7,64,527
PG,Single,34554.0,1,55,0,7,65,277
PG,Couple,85693.0,1,1169,0,27,45,621
PG,Couple,65846.0,0,1120,0,16,79,594
PG,Couple,87195.0,0,1097,0,20,65,238
UG,Couple,24594.0,1,29,0,5,45,387
PG,Couple,49096.0,2,187,0,13,60,464
PG,Couple,52413.0,2,910,0,26,55,698
PG,Single,38557.0,1,145,0,9,46,743
PG,Couple,89058.0,0,850,0,14,64,755
PG,Couple,77298.0,1,969,0,24,45,425
PG,Single,68126.0,0,1820,1,17,33,782
PG,Couple,57288.0,1,608,1,20,61,190
PG,Single,86037.0,0,730,2,25,33,729
PG,Couple,43974.0,1,551,0,21,44,750
PG,Single,50785.0,2,114,0,8,62,478
PG,Couple,90765.0,0,1724,2,15,54,342
PG,Couple,36550.0,1,577,0,20,46,681
PG,Couple,30753.0,2,81,0,7,57,539
PG,Couple,21918.0,1,33,0,7,55,413
PG,Couple,56129.0,1,660,0,22,71,560
PG,Single,32557.0,1,80,0,9,57,311
PG,Couple,19510.0,2,30,0,6,39,484
PG,Single,30992.0,1,43,0,5,48,619
PG,Single,101970.0,0,1135,3,27,41,660
PG,Couple,71488.0,0,559,0,16,59,682
PG,Single,79607.0,0,1923,0,16,40,620
PG,Couple,54348.0,2,90,0,8,71,207
PG,Couple,56145.31392931393,1,404,0,17,63,539
PG,Couple,77376.0,2,661,0,23,68,236
PG,Couple,62998.0,1,463,0,19,72,458
PG,Single,61331.0,2,632,0,23,66,662
PG,Couple,73448.0,0,725,0,19,55,325
PG,Couple,52720.37365591398,1,725,0,19,61,508
PG,Couple,41551.0,2,279,0,16,60,505
PG,Couple,62981.0,0,1482,1,23,57,655
UG,Single,9548.0,1,29,0,6,48,876
PG,Couple,33762.0,3,106,0,9,65,543
PG,Single,35860.0,2,49,1,6,51,227
PG,Single,36921.0,2,38,0,7,59,522
PG,Single,92859.0,0,2077,0,22,32,804
PG,Couple,65104.0,1,1053,0,17,48,413
PG,Couple,86111.0,0,1385,0,23,62,622
PG,Single,68352.0,1,871,0,25,50,491
PG,Couple,41883.0,1,312,0,12,36,653
PG,Couple,59809.0,2,877,0,15,48,805
PG,Couple,23957.0,1,68,0,6,49,795
PG,Couple,38547.0,1,22,0,4,43,491
PG,Couple,35688.0,3,211,0,16,51,862
PG,Couple,49605.0,0,127,0,8,58,194
PG,Couple,59354.0,2,459,0,16,71,252
PG,Couple,65747.0,1,460,1,19,55,300
PG,Couple,46344.0,1,429,0,17,52,748
PG,Single,34176.0,1,89,0,11,36,234
PG,Couple,61010.0,1,1021,0,26,72,814
PG,Couple,69372.0,0,1381,2,21,75,681
PG,Single,49967.0,1,306,0,15,66,542
PG,Single,60199.0,3,18,0,4,46,476
PG,Couple,55375.0,1,162,0,9,47,441
PG,Single,80317.0,0,1231,0,18,69,499
PG,Single,30523.0,3,13,0,4,66,549
PG,Couple,70356.0,0,1706,0,27,79,787
PG,Couple,23228.0,1,121,0,11,40,361
PG,Single,74165.0,0,1293,0,20,49,610
PG,Couple,157243.0,1,1608,0,37,51,306
PG,Couple,43482.0,3,88,0,9,58,414
PG,Single,62551.0,0,421,1,18,71,409
PG,Single,52332.0,0,259,1,12,65,491
PG,Single,66951.0,0,1117,0,15,36,425
PG,Couple,26091.0,2,89,0,9,67,310
PG,Couple,33456.0,2,36,0,6,59,255
PG,Couple,28718.0,1,57,0,7,42,537
PG,Couple,50447.0,2,148,0,8,54,255
PG,Couple,53537.0,2,93,0,8,65,336
PG,Single,52074.0,1,119,1,7,57,272
PG,Couple,80427.0,1,1835,0,28,49,841
PG,Couple,83837.0,0,1318,2,25,76,746
PG,Couple,38853.0,2,45,0,7,54,223
PG,Couple,38285.0,3,10,0,4,65,191
PG,Couple,78497.0,0,978,1,25,73,396
PG,Couple,51650.0,1,191,0,10,48,235
PG,Couple,16248.0,1,57,0,9,36,236
PG,Couple,66835.0,0,1033,0,24,78,460
PG,Couple,30477.0,1,66,0,6,40,344
UG,Couple,28249.0,0,43,0,6,63,200
PG,Couple,25271.0,1,50,0,5,41,757
PG,Single,32303.0,1,39,0,7,54,299
PG,Couple,61286.0,1,608,0,18,58,517
PG,Couple,74068.0,0,1581,0,24,48,653
PG,Couple,45759.0,2,68,0,7,60,677
UG,Couple,24882.0,1,80,1,5,46,844
PG,Couple,66973.0,0,1282,0,28,35,594
PG,Single,36640.0,1,65,0,6,124,462
PG,Couple,38872.0,1,91,0,8,36,581
PG,Couple,51148.0,2,315,0,16,51,682
PG,Couple,31353.0,2,31,0,6,47,368
PG,Couple,69661.0,0,834,0,23,44,233
PG,Couple,80067.0,0,1600,1,17,70,469
PG,Couple,86718.0,0,1270,0,17,70,714
PG,Single,46854.0,2,263,1,15,51,276
PG,Single,69142.0,1,535,1,19,72,186
PG,Single,75922.0,0,1295,0,18,56,388
PG,Single,63693.0,1,1150,0,29,46,444
PG,Couple,102160.0,0,1240,3,26,47,790
PG,Single,40637.0,2,38,0,6,59,533
PG,Single,18890.0,0,35,1,4,40,782
PG,Couple,29604.0,1,53,1,5,36,389
PG,Single,48721.0,2,293,0,17,61,598
PG,Couple,44794.0,1,65,0,6,58,207
PG,Single,64497.0,1,1804,1,29,70,843
PG,Couple,46097.0,1,241,0,15,68,641
PG,Couple,77972.0,0,1101,0,20,70,289
PG,Couple,44377.0,2,264,0,19,56,818
PG,Couple,46014.0,2,541,0,26,50,710
PG,Couple,70951.0,0,1198,0,17,39,607
PG,Couple,41443.0,1,482,0,20,47,275
PG,Single,52195.0,3,17,0,4,46,234
PG,Couple,83790.0,0,1615,2,25,76,412
PG,Single,44551.0,1,285,0,12,70,488
PG,Couple,69508.0,1,1135,0,28,44,778
PG,Couple,45204.0,1,114,0,7,36,265
PG,Couple,72460.0,0,1047,0,16,55,413
PG,Couple,77622.0,2,714,0,22,54,262
PG,Couple,30732.0,1,185,0,13,44,726
PG,Single,63887.0,1,1245,0,32,62,845
PG,Couple,42011.0,1,189,0,12,46,646
PG,Couple,51369.0,1,576,0,16,48,798
PG,Single,51537.0,1,1103,0,18,72,753
PG,Couple,79930.0,0,1753,0,17,52,876
PG,Couple,34320.0,1,17,0,4,38,319
PG,Single,37070.0,2,433,0,23,58,652
PG,Single,81975.0,1,1588,1,14,62,726
PG,Couple,38590.0,1,22,0,4,53,596
PG,Single,15033.0,0,19,0,5,73,260
PG,Couple,62745.0,1,1117,0,29,59,649
PG,Couple,22212.0,1,69,0,8,49,388
PG,Couple,23661.0,1,23,0,5,42,393
PG,Single,79761.0,1,605,0,19,66,454
PG,Single,7500.0,1,57,0,11,51,371
PG,Single,60182.0,1,22,0,4,131,229
PG,Single,73455.0,0,2088,1,22,56,430
PG,Couple,64961.0,1,1009,0,16,66,739
PG,Single,22804.0,1,26,0,5,53,519
PG,Couple,73687.0,0,1627,1,22,34,399
PG,Couple,61074.0,1,1102,0,31,66,867
PG,Couple,31686.0,2,17,0,6,60,210
PG,Couple,80134.0,1,1690,3,16,52,591
PG,Couple,75027.0,1,1390,0,21,71,722
PG,Couple,67546.0,0,2126,0,20,36,853
PG,Couple,65176.0,1,1531,0,25,55,794
PG,Single,31160.0,1,64,0,7,49,472
PG,Single,29938.0,1,26,0,6,39,431
PG,Single,102692.0,0,1112,4,29,50,636
PG,Couple,26490.0,0,210,0,11,66,831
PG,Couple,75702.0,2,1148,0,26,57,855
PG,Single,30899.0,1,33,0,6,50,810
PG,Couple,63342.0,1,1101,1,19,63,807
PG,Single,45989.0,1,322,0,16,60,801
PG,Single,18701.0,2,44,0,10,60,576
PG,Single,40737.0,3,17,0,4,67,389
PG,Single,15287.0,1,31,1,6,45,813
PG,Single,69674.0,2,845,0,25,56,589
PG,Couple,44159.0,1,275,0,15,54,198
PG,Couple,37717.0,1,25,0,4,46,769
PG,Couple,43776.0,2,275,0,17,72,697
PG,Couple,38179.0,2,90,0,11,58,658
PG,Couple,80124.0,0,1495,1,19,61,189
PG,Couple,38097.0,2,184,1,11,54,808
PG,Couple,72940.0,0,981,0,13,54,561
PG,Couple,22070.0,1,67,0,8,54,454
PG,Single,69267.0,0,1635,0,14,71,831
PG,Single,31788.0,1,60,0,10,41,287
PG,Couple,61905.0,1,231,0,12,49,331
PG,Couple,29315.0,2,48,0,10,64,270
PG,Single,33378.0,2,99,0,9,61,694
PG,Couple,66313.0,1,770,0,23,61,472
PG,Single,60714.0,0,957,0,23,68,714
PG,Couple,77882.0,0,818,0,12,43,246
PG,Single,69867.0,0,925,1,17,38,639
PG,Single,63841.0,1,908,0,22,56,620
UG,Couple,24480.0,1,102,0,10,43,689
PG,Couple,51369.0,1,576,0,16,48,798
PG,Couple,37760.0,0,317,0,13,78,853
PG,Couple,65640.0,1,461,0,15,50,306
PG,Couple,44319.0,2,37,0,7,49,259
PG,Couple,30631.0,1,70,0,7,50,538
PG,Couple,75278.0,0,930,0,23,72,702
PG,Couple,50898.0,2,859,0,33,68,723
PG,Single,79946.0,0,1478,0,22,58,234
PG,Single,35416.0,0,390,0,16,75,567
PG,Couple,32414.0,0,52,1,5,40,546
PG,Couple,38361.0,1,137,0,10,55,370
PG,Couple,82497.0,0,1919,1,19,44,792
PG,Couple,16626.0,2,68,0,9,53,351
PG,Couple,29672.0,2,25,0,4,59,660
PG,Couple,55951.0,1,1374,2,23,72,861
PG,Single,35388.0,1,32,0,5,36,665
PG,Couple,42386.0,1,100,0,7,38,718
PG,Single,68627.0,0,825,0,12,42,719
PG,Single,57912.0,1,916,1,28,59,290
PG,Single,35246.0,2,62,0,11,66,260
PG,Couple,58821.0,1,728,0,21,68,446
PG,Couple,46377.0,1,90,0,7,46,306
PG,Single,39747.0,1,273,0,13,36,263
PG,Couple,23976.0,1,66,0,10,40,370
PG,Couple,80950.0,0,1213,1,23,63,644
PG,Single,27038.0,0,107,0,7,58,835
PG,Single,77457.0,0,1157,1,18,77,302
PG,Couple,64100.0,1,546,1,18,60,478
PG,Couple,42670.0,0,241,0,11,32,614
PG,Single,12571.0,1,53,0,11,48,348
PG,Couple,22574.0,3,37,0,7,57,430
PG,Couple,52720.37365591398,0,1611,2,24,35,577
PG,Single,70893.0,0,1508,0,23,48,694
PG,Couple,54198.0,2,235,0,16,58,380
PG,Couple,28839.0,2,32,0,7,68,296
PG,Couple,40321.0,2,102,0,8,52,521
PG,Single,66503.0,1,401,0,15,39,870
PG,Couple,30833.0,2,28,0,6,73,534
PG,Single,52720.37365591398,3,1052,2,21,54,496
PG,Couple,64795.0,1,680,0,21,53,714
PG,Couple,34421.0,1,30,0,4,50,549
PG,Single,47025.0,2,20,0,4,59,326
PG,Single,64325.0,1,1307,0,23,63,693
PG,Single,40464.0,1,630,0,24,71,720
PG,Couple,62187.0,0,1283,0,18,67,545
PG,Single,14849.0,1,65,0,9,48,548
PG,Couple,27255.0,1,37,0,5,40,420
PG,Couple,54432.0,3,38,0,5,74,602
PG,Single,29999.0,1,160,0,12,38,687
PG,Single,24072.0,1,23,0,4,41,625
PG,Single,33996.0,0,71,0,6,35,477
PG,Couple,66334.0,1,1161,0,19,68,638
PG,Couple,35178.0,1,59,1,5,53,721
PG,Couple,22010.0,1,33,0,7,41,550
PG,Single,62204.0,2,946,0,22,64,841
PG,Single,75693.0,0,1442,3,22,56,756
PG,Couple,30675.0,1,62,0,5,52,780
PG,Couple,83003.0,0,1674,1,22,59,669
PG,Couple,83532.0,0,1853,1,15,125,462
PG,Single,68655.0,0,1538,0,21,36,874
PG,Single,41411.0,0,139,0,8,38,390
PG,Couple,55212.0,1,1182,2,20,55,769
PG,Couple,59292.0,1,507,0,18,74,567
UG,Couple,27190.0,1,18,1,4,51,504
PG,Single,82623.0,0,940,0,16,72,417
PG,Couple,44300.0,2,42,0,6,59,557
PG,Single,84835.0,0,1190,0,15,54,199
PG,Single,30372.0,2,44,0,8,53,737
PG,Couple,33181.0,1,16,1,4,48,363
PG,Couple,71113.0,1,835,0,26,67,380
PG,Couple,71952.0,1,1443,2,22,38,721
PG,Single,69759.0,0,1029,0,18,58,430
PG,Couple,72099.0,0,1188,0,18,50,796
PG,Single,60000.0,1,1277,0,24,48,740
PG,Single,38643.0,2,49,0,7,46,398
PG,Couple,50737.0,1,99,1,7,69,600
PG,Couple,68462.0,0,1670,0,15,55,750
PG,Couple,65073.0,0,900,0,14,81,499
PG,Couple,46681.0,2,425,0,16,76,450
PG,Couple,78618.0,0,2153,1,22,67,825
PG,Single,62187.0,1,636,0,21,55,285
PG,Couple,28442.0,2,57,0,10,46,311
PG,Couple,37717.0,1,25,0,4,46,769
PG,Couple,51479.0,2,494,0,22,57,734
PG,Single,54803.0,1,693,0,19,55,863
PG,Couple,79530.0,0,1348,0,26,64,594
PG,Single,31615.0,1,51,0,7,48,656
PG,Couple,72025.0,0,1932,0,16,62,775
PG,Single,52614.0,1,990,0,16,49,761
PG,Couple,35684.0,1,30,0,5,40,254
PG,Couple,48178.0,2,254,0,16,49,795
PG,Single,29548.0,1,29,1,5,54,490
PG,Single,63810.0,1,1371,1,23,58,781
PG,Single,38578.0,2,73,0,9,52,558
PG,Single,46098.0,2,120,0,11,49,866
PG,Single,22585.0,0,81,1,5,54,654
PG,Single,30279.0,1,37,0,5,35,732
PG,Couple,66426.0,1,1377,0,20,63,456
PG,Single,30822.0,1,51,0,5,55,566
PG,Couple,33581.0,2,17,0,4,55,723
PG,Couple,19986.0,1,22,0,4,39,413
PG,Single,27421.0,0,324,0,14,70,750
PG,Couple,35688.0,3,211,0,16,51,862
PG,Single,36143.0,1,19,0,4,43,277
PG,Single,10245.0,1,41,0,8,53,596
PG,Couple,43795.0,1,492,1,17,56,442
PG,Couple,63381.0,1,1005,0,26,64,818
PG,Couple,38823.0,1,114,0,7,75,854
PG,Single,83664.0,2,1173,0,19,56,603
PG,Couple,90300.0,0,1738,1,19,45,363
PG,Couple,62499.0,1,222,0,12,45,388
PG,Single,74293.0,0,1127,0,16,31,242
PG,Couple,51012.0,0,209,0,10,78,623
PG,Couple,70777.0,1,787,0,23,56,310
PG,Couple,68682.0,0,1598,0,24,33,452
PG,Couple,43824.0,2,186,0,12,53,838
PG,Couple,15345.0,1,47,0,6,40,853
PG,Single,23442.0,1,27,0,5,37,738
PG,Couple,14515.0,1,96,0,11,44,783
PG,Single,31395.0,2,64,0,10,68,649
PG,Couple,75276.0,0,1040,0,23,59,826
PG,Single,42373.0,2,163,0,13,50,504
PG,Couple,30507.0,0,343,0,11,64,661
PG,Single,55521.0,3,446,1,24,69,436
PG,Couple,48006.0,2,41,0,5,59,206
PG,Single,27213.0,1,70,0,9,52,854
PG,Single,65808.0,2,272,0,14,53,216
PG,Couple,30351.0,1,46,0,6,50,574
PG,Couple,50437.0,2,490,0,19,61,806
PG,Single,23616.0,1,79,0,8,42,775
PG,Couple,53858.0,1,915,0,17,48,783
PG,Couple,66465.0,1,1485,1,35,69,642
PG,Single,46923.0,1,369,0,16,37,862
PG,Couple,75072.0,1,1073,0,19,62,708
PG,Couple,75865.0,0,1242,0,19,81,276
PG,Couple,19789.0,1,78,1,9,49,407
PG,Couple,80134.0,0,1378,4,21,30,321
PG,Single,91065.0,0,1474,2,26,43,678
PG,Couple,49505.0,2,751,0,29,53,667
PG,Couple,37401.0,1,48,0,7,51,240
PG,Couple,30096.0,1,45,0,6,41,224
PG,Couple,18492.0,1,10,0,4,42,210
PG,Couple,82584.0,0,1435,2,16,50,576
PG,Couple,93027.0,0,2119,1,22,83,628
PG,Couple,48686.0,3,20,0,4,71,393
PG,Couple,92910.0,0,1795,3,27,38,252
PG,Couple,75433.0,1,1188,2,19,35,271
PG,Couple,10404.0,1,43,0,7,35,242
PG,Couple,61314.0,1,1008,0,24,56,616
PG,Single,84865.0,0,1688,4,16,63,602
PG,Couple,42387.0,1,684,0,21,35,794
PG,Couple,67309.0,2,1082,0,39,57,708
PG,Couple,75236.0,1,1068,0,25,60,402
PG,Single,30015.0,1,57,0,7,54,333
PG,Couple,50943.0,1,46,0,5,68,559
PG,Single,67272.0,1,733,0,23,58,376
PG,Single,51529.0,1,467,0,17,75,481
PG,Couple,32011.0,1,122,0,10,53,497
PG,Couple,7500.0,1,36,0,7,38,693
PG,Couple,28691.0,1,34,0,5,35,546
PG,Couple,56223.0,1,156,0,10,76,377
PG,Couple,18100.0,0,14,0,4,78,513
PG,Single,30279.0,1,37,0,5,35,732
PG,Couple,20130.0,0,34,0,5,50,290
PG,Single,23295.0,0,20,0,4,65,537
PG,Single,42618.0,1,192,0,11,52,449
PG,Single,81246.0,0,1379,2,17,60,368
PG,Couple,24027.0,1,48,0,7,48,571
PG,Couple,55707.0,1,428,0,16,71,375
PG,Single,57959.0,1,868,0,27,69,609
PG,Couple,56796.0,1,1001,0,27,55,684
PG,Single,36230.0,1,59,0,7,53,441
PG,Couple,70829.0,2,431,0,16,44,396
PG,Couple,65991.0,1,971,0,27,48,846
PG,Couple,38988.0,3,348,0,19,52,864
PG,Single,89572.0,0,2059,2,24,58,838
PG,Couple,42207.0,1,265,1,14,40,640
PG,Couple,50300.0,1,270,0,13,72,221
PG,Couple,66664.0,0,1289,0,19,42,828
PG,Couple,60597.0,1,893,1,16,60,365
PG,Single,70165.0,0,926,0,22,75,466
PG,Single,50520.0,1,135,0,9,66,338
PG,Couple,80124.0,0,1495,1,19,61,189
PG,Couple,33183.0,1,120,0,9,49,311
PG,Single,66582.0,0,1288,0,20,55,304
PG,Couple,75261.0,0,1743,2,17,69,618
PG,Single,31880.0,1,15,0,4,54,792
PG,Couple,53790.0,2,542,0,20,73,301
PG,Couple,49269.0,1,890,0,25,53,869
PG,Couple,61456.0,1,1388,0,33,49,645
PG,Couple,37406.0,1,17,0,4,44,448
PG,Couple,56937.0,1,906,1,30,43,880
PG,Couple,38415.0,2,44,0,6,46,729
PG,Single,20518.0,1,25,0,5,36,228
PG,Couple,62503.0,1,973,0,26,68,682
PG,Single,41644.0,2,31,0,6,52,237
PG,Couple,55842.0,1,518,0,17,47,223
PG,Couple,62010.0,1,530,0,19,52,800
PG,Couple,41124.0,1,506,0,21,47,792
PG,Couple,38961.0,1,70,0,6,51,367
PG,Single,37760.0,1,54,0,6,52,508
PG,Single,32233.0,1,296,1,12,50,865
PG,Couple,43057.0,1,266,0,15,49,428
PG,Couple,83151.0,0,747,0,19,64,813
PG,Single,78825.0,0,895,0,29,60,839
PG,Couple,65104.0,1,1053,0,17,48,413
PG,Couple,60093.0,1,735,0,21,50,554
PG,Couple,14045.0,1,20,0,5,55,340
PG,Single,28457.0,0,205,0,10,72,795
PG,Couple,78952.0,1,2092,0,21,66,829
PG,Single,46310.0,1,309,0,14,48,759
PG,Couple,76005.0,0,1722,1,22,69,678
PG,Single,58308.0,1,900,0,15,60,719
PG,Single,55614.0,0,682,1,20,80,400
PG,Single,59432.0,1,663,0,22,62,628
PG,Single,55563.0,1,43,0,6,46,271
PG,Couple,78642.0,1,1816,0,18,53,620
PG,Couple,67911.0,1,976,0,27,75,224
PG,Couple,65275.0,0,746,0,21,80,638
PG,Couple,27203.0,2,64,0,6,74,878
PG,Couple,48330.0,1,32,0,5,63,412
UG,Couple,24279.0,0,263,0,9,34,733
PG,Couple,64355.0,1,1445,0,21,39,860
PG,Couple,50943.0,1,46,0,5,68,559
PG,Single,53653.0,0,1210,0,28,71,785
PG,Couple,65665.0,1,945,0,24,48,395
PG,Single,81217.0,0,1157,0,22,35,531
PG,Couple,34935.0,0,137,0,8,32,559
PG,Single,61250.0,1,730,0,25,65,746
PG,Couple,39665.0,1,216,1,12,43,586
PG,Single,60152.0,1,943,0,23,45,644
PG,Couple,48920.0,2,347,1,16,60,438
PG,Couple,89120.0,0,1924,1,19,65,290
PG,Couple,44124.0,1,397,0,17,78,600
PG,Single,81169.0,0,2089,0,22,49,627
PG,Couple,36443.0,2,138,0,11,63,697
PG,Single,26095.0,1,42,0,5,34,550
PG,Couple,71367.0,0,777,0,17,65,496
PG,Couple,80184.0,0,1902,2,20,80,306
PG,Single,30630.0,2,52,0,7,59,339
PG,Single,73454.0,0,1651,1,13,37,306
PG,Couple,42691.0,0,358,0,13,33,503
PG,Couple,70503.0,0,1727,2,16,71,823
PG,Couple,25545.0,1,210,0,10,37,845
PG,Couple,32880.0,1,42,0,5,38,758
PG,Couple,77863.0,0,1291,0,20,66,400
PG,Couple,50353.0,0,442,0,15,47,207
PG,Single,61839.0,0,1895,0,17,60,872
PG,Couple,49154.0,2,411,0,19,64,424
PG,Single,47682.0,1,521,0,19,49,685
PG,Single,72679.0,1,1168,0,17,55,470
PG,Couple,57954.0,2,493,1,23,47,197
PG,Couple,65316.0,2,260,0,12,62,617
PG,Single,28567.0,1,46,0,7,42,563
PG,Couple,47352.0,1,319,0,16,73,630
PG,Couple,44931.0,1,96,0,7,57,348
PG,Single,76982.0,0,1062,1,16,57,320
PG,Couple,57247.0,1,232,0,12,72,511
PG,Single,22944.0,1,76,0,9,43,374
PG,Couple,25315.0,1,54,0,9,47,420
PG,Single,43638.0,1,201,0,11,55,878
PG,Single,42710.0,1,406,0,14,40,764
PG,Couple,84169.0,0,1919,2,20,42,512
PG,Couple,54058.0,1,662,0,20,48,576
PG,Couple,24683.0,1,41,0,8,34,299
PG,Single,85620.0,0,1600,0,14,60,359
PG,Couple,47850.0,1,134,0,8,44,394
PG,Couple,19514.0,2,69,1,10,56,340
PG,Couple,27159.0,2,21,0,6,51,278
PG,Single,39548.0,2,54,0,7,61,276
PG,Single,21474.0,1,91,1,8,35,268
PG,Single,60504.0,1,526,0,18,53,328
PG,Couple,22419.0,0,162,0,8,61,623
PG,Couple,81698.0,0,1008,0,25,75,421
PG,Couple,43462.0,2,240,0,16,72,841
PG,Single,54880.0,1,795,0,21,46,671
PG,Couple,79908.0,0,1772,1,19,42,636
PG,Couple,15315.0,0,64,0,8,54,516
PG,Couple,87771.0,1,1957,4,20,65,589
PG,Couple,33039.0,1,78,0,7,46,479
PG,Single,81741.0,0,1572,0,19,44,564
PG,Couple,71499.0,1,795,0,26,53,555
PG,Couple,62466.0,1,889,0,26,54,351
PG,Single,48799.0,1,331,0,15,61,422
PG,Couple,52157.0,1,265,0,12,74,208
PG,Single,66565.0,1,1065,0,19,62,757
PG,Couple,29298.0,2,11,0,4,73,481
PG,Single,47691.0,1,21,0,4,45,545
PG,Couple,38200.0,2,17,0,4,54,755
PG,Couple,44989.0,1,369,0,16,50,841
PG,Couple,38443.0,2,38,0,6,56,339
PG,Single,38593.0,1,177,0,11,46,475
PG,Couple,64413.0,1,279,0,12,54,518
PG,Couple,36959.0,1,62,0,7,43,456
PG,Couple,61996.0,1,1230,3,21,47,700
PG,Couple,51287.0,2,182,0,11,56,275
PG,Couple,13260.0,2,49,0,10,54,496
PG,Couple,47472.0,2,75,0,8,58,472
PG,Couple,54603.0,2,227,0,16,68,541
PG,Couple,45207.0,2,215,1,15,50,782
PG,Couple,40689.0,1,444,0,20,73,654
PG,Couple,47821.0,2,47,0,5,57,438
PG,Couple,27450.0,0,143,0,7,73,626
PG,Couple,39453.0,1,55,0,7,41,273
PG,Couple,26850.0,2,63,0,11,53,258
PG,Single,79800.0,0,1867,3,22,69,830
PG,Couple,61794.0,1,611,0,20,63,474
PG,Couple,53863.0,1,473,1,18,69,229
PG,Couple,24221.0,0,55,0,6,65,499
PG,Single,39684.0,1,81,0,7,40,811
PG,Couple,92163.0,0,2086,2,21,49,750
PG,Single,69882.0,0,1478,0,20,59,417
PG,Couple,33178.0,1,49,0,5,47,336
PG,Couple,59973.0,0,382,0,15,52,477
PG,Couple,17459.0,1,69,0,9,49,469
PG,Single,23910.0,1,67,0,6,55,797
PG,Couple,42169.0,2,30,0,6,55,439
PG,Couple,26224.0,1,63,0,9,46,576
PG,Couple,31089.0,1,79,0,10,43,867
PG,Single,30081.0,1,42,0,5,63,679
PG,Couple,62807.0,1,819,0,23,64,853
PG,Single,72906.0,0,1151,0,17,69,471
PG,Couple,61467.0,2,594,0,20,76,753
PG,Couple,49618.0,2,129,0,11,58,705
PG,Single,21888.0,1,213,0,12,38,733
PG,Single,42429.0,1,67,0,7,51,324
PG,Single,26150.0,3,28,0,5,68,661
UG,Couple,30801.0,1,45,0,6,49,797
PG,Couple,81168.0,0,1193,1,18,59,239
PG,Single,26877.0,0,268,0,12,55,500
PG,Single,45006.0,0,266,0,12,80,532
UG,Couple,18978.0,1,37,0,5,51,751
PG,Couple,22574.0,3,37,0,7,57,430
PG,Single,48240.0,0,882,0,25,55,783
PG,Couple,45837.0,2,373,0,18,50,524
PG,Single,35791.0,3,35,0,6,59,605
PG,Couple,162397.0,2,107,0,1,48,577
PG,Single,54162.0,2,42,0,5,46,654
PG,Couple,30522.0,1,326,0,17,64,867
PG,Couple,54456.0,1,404,0,17,63,539
PG,Single,31632.0,0,95,0,6,53,536
PG,Single,72298.0,0,939,2,14,75,297
PG,Single,36975.0,1,33,0,5,46,369
PG,Couple,72635.0,0,981,1,21,69,577
PG,Couple,13624.0,1,36,0,7,48,711
PG,Single,84196.0,1,1237,0,20,49,577
PG,Couple,70971.0,1,1825,0,34,64,832
PG,Single,34487.0,2,103,0,9,47,847
PG,Single,28769.0,1,191,0,12,47,744
PG,Couple,69084.0,1,1586,0,25,54,408
PG,Couple,65488.0,0,963,0,14,66,202
PG,Couple,62466.0,1,889,0,26,54,351
PG,Single,32218.0,0,93,1,7,64,320
PG,Single,83917.0,0,1587,0,21,51,623
PG,Single,46102.0,3,16,0,4,62,297
PG,Single,84574.0,0,1375,0,32,72,576
PG,Couple,56181.0,1,393,0,14,62,723
PG,Single,63120.0,1,1477,0,26,74,825
PG,Couple,73691.0,1,1179,1,18,53,421
PG,Couple,63381.0,1,1005,0,26,64,818
PG,Couple,76140.0,0,1348,0,21,76,233
PG,Single,62859.0,1,1307,0,23,65,732
PG,Single,45906.0,1,486,1,15,60,604
PG,Couple,77632.0,0,2252,2,13,77,662
PG,Couple,46463.0,2,235,0,17,53,501
PG,Couple,105471.0,0,1724,2,30,54,710
PG,Single,55282.0,1,235,0,11,54,384
PG,Couple,78710.0,1,1092,0,28,47,223
PG,Couple,66886.0,1,599,0,17,66,472
PG,Single,98777.0,0,2008,1,19,64,318
PG,Couple,29103.0,1,48,0,6,39,857
PG,Couple,67445.0,1,1174,0,32,50,872
PG,Couple,50616.0,1,67,0,7,74,263
PG,Single,49431.0,1,365,0,15,69,881
PG,Single,153924.0,0,6,0,0,49,328
PG,Couple,61278.0,1,165,0,10,71,362
PG,Couple,26490.0,0,210,0,11,66,831
PG,Couple,73059.0,1,1095,0,26,77,488
PG,Single,46734.0,3,223,1,12,58,437
PG,Couple,56253.0,1,597,0,22,61,755
PG,Couple,19986.0,1,22,0,4,39,413
PG,Single,58330.0,1,1064,0,24,49,372
UG,Couple,25965.0,0,74,0,6,44,846
PG,Couple,14661.0,0,26,0,5,68,730
PG,Couple,18690.0,0,60,0,5,65,734
PG,Couple,45068.0,1,20,0,4,50,595
UG,Single,21063.0,1,59,0,7,37,463
PG,Couple,29187.0,1,34,0,5,56,602
PG,Couple,54690.0,2,198,0,12,53,420
PG,Couple,59304.0,1,1048,0,28,60,521
PG,Single,59247.0,2,574,0,21,62,419
PG,Single,66731.0,1,1029,0,17,54,841
PG,Couple,77353.0,1,670,0,20,44,381
PG,Single,52614.0,1,990,0,16,49,761
PG,Couple,26751.0,2,11,0,4,50,224
PG,Couple,81300.0,1,1241,1,21,61,793
PG,Single,70337.0,0,576,0,17,45,364
PG,Couple,36145.0,1,172,1,12,39,564
PG,Single,65295.0,0,664,0,20,44,374
PG,Single,68118.0,1,928,0,23,61,440
PG,Single,68743.0,0,2074,0,30,57,854
PG,Couple,41039.0,0,467,0,15,42,525
PG,Couple,38946.0,1,257,0,12,69,434
PG,Couple,65777.0,0,1146,0,17,57,378
PG,Single,66476.0,1,689,0,20,48,665
PG,Single,86857.0,0,2114,0,22,52,841
PG,Couple,160803.0,0,1717,0,44,42,880
PG,Couple,77845.0,0,1346,2,21,35,230
PG,Couple,69476.0,0,1044,0,15,55,458
PG,Single,50611.0,1,493,1,22,64,819
PG,Single,61209.0,0,957,0,13,54,494
PG,Couple,42315.0,1,270,0,12,66,538
UG,Couple,13084.0,0,29,0,5,72,425
PG,Single,47570.0,2,121,0,9,75,582
PG,Couple,61923.0,2,126,0,8,63,524
PG,Single,34824.0,0,23,0,4,29,281
PG,Single,26518.0,2,57,0,8,75,633
PG,Single,45938.0,0,636,0,20,63,424
PG,Couple,78468.0,0,1004,1,28,64,267
PG,Single,78901.0,1,734,0,20,51,471
PG,Couple,71427.0,2,614,0,20,46,295
PG,Single,71022.0,1,1453,1,21,46,324
PG,Single,90247.0,0,1621,3,15,36,247
PG,Single,41335.0,1,187,0,12,56,371
PG,Couple,71952.0,1,1443,2,22,38,721
PG,Single,35682.0,1,57,0,6,54,188
PG,Single,43185.0,1,637,0,20,73,631
PG,Couple,66375.0,1,948,1,14,76,406
PG,Couple,35178.0,1,59,1,5,53,721
PG,Couple,25252.0,1,18,0,4,38,538
PG,Single,55250.0,1,903,0,26,59,802
PG,Single,33249.0,1,112,0,8,49,680
PG,Couple,58398.0,0,596,0,20,71,597
PG,Couple,50272.0,1,233,0,13,42,512
PG,Couple,76618.0,0,1511,0,11,49,755
PG,Single,87305.0,0,1152,1,17,64,830
PG,Couple,25851.0,1,48,0,7,46,689
PG,Single,58710.0,1,1185,0,31,54,641
PG,Single,45160.0,2,21,0,4,66,278
PG,Couple,74806.0,1,965,0,16,59,743
PG,Couple,59111.0,0,869,0,21,70,609
PG,Couple,18988.0,1,16,0,6,40,223
PG,Couple,72190.0,0,1947,0,16,59,687
PG,Couple,7500.0,1,71,1,12,48,883
PG,Couple,44794.0,1,65,0,6,58,207
PG,Couple,80395.0,0,1380,1,24,69,404
PG,Single,75012.0,0,1027,0,23,48,341
PG,Couple,56962.0,3,411,0,21,59,447
PG,Couple,89891.0,0,836,1,26,33,626
PG,Single,35946.0,2,11,0,4,75,461
PG,Couple,53593.0,2,480,0,23,71,877
PG,Couple,66373.0,2,606,0,23,46,568
PG,Single,45072.0,3,284,0,16,76,442
PG,Single,89694.0,2,1472,3,14,51,449
PG,Couple,72025.0,0,1677,3,26,75,247
PG,Couple,67432.0,1,1335,0,19,51,643
PG,Couple,70545.0,1,334,0,13,72,212
UG,Couple,17487.0,1,18,0,4,35,654
PG,Couple,62882.0,1,1338,0,20,55,875
PG,Single,64108.0,1,1099,0,30,71,649
PG,Couple,34941.0,2,97,0,8,68,666
PG,Single,48767.0,3,63,0,9,74,365
PG,Couple,38702.0,1,109,0,9,46,518
PG,Couple,82224.0,0,902,1,21,60,341
PG,Couple,83844.0,0,1574,1,20,72,599
PG,Couple,17003.0,1,38,0,9,49,388
PG,Single,71163.0,0,960,0,24,29,298
PG,Single,33697.0,1,28,1,4,54,473
PG,Couple,63564.0,0,1215,1,28,70,337
PG,Couple,83443.0,0,1497,0,22,52,366
PG,Couple,51518.0,1,449,0,17,66,455
PG,Single,58330.0,1,1064,0,24,49,372
PG,Couple,80952.0,0,1757,3,25,55,672
PG,Couple,75507.0,0,1440,0,21,45,244
PG,Couple,63855.0,0,1006,0,24,46,691
PG,Couple,62220.0,1,1226,0,23,52,873
PG,Couple,58512.0,1,1171,0,20,60,469
PG,Couple,40662.0,1,92,0,8,45,657
PG,Couple,38829.0,1,99,0,8,65,270
PG,Couple,35523.0,1,66,0,8,43,455
PG,Single,79146.0,2,564,0,19,57,252
PG,Couple,78285.0,0,1427,0,21,36,430
PG,Single,31626.0,1,86,1,6,46,601
PG,Single,75127.0,0,833,0,19,72,224
PG,Couple,48726.0,1,242,0,12,69,614
PG,Couple,74985.0,0,1869,0,17,47,842
PG,Couple,67430.0,0,1364,0,29,37,848
PG,Couple,46891.0,1,183,0,8,59,487
PG,Couple,62058.0,1,450,0,18,68,585
PG,Couple,72063.0,1,758,0,21,45,547
PG,Couple,78939.0,0,1507,0,20,73,385
PG,Single,42720.0,2,654,0,25,59,617
PG,Couple,33622.0,2,81,0,9,52,628
PG,Couple,6835.0,1,137,0,1,67,754
PG,Couple,41452.0,2,16,0,4,71,666
PG,Single,40760.0,1,93,0,8,59,489
PG,Couple,74250.0,0,1158,0,18,66,340
PG,Single,51124.0,2,43,0,6,69,379
PG,Single,72258.0,1,1525,0,22,53,476
PG,Single,71466.0,0,1230,0,19,50,271
PG,Couple,36283.0,2,29,0,6,48,262
PG,Single,20587.0,1,25,0,5,54,235
PG,Couple,30467.0,1,24,0,4,52,288
PG,Couple,31590.0,1,38,0,5,52,562
UG,Couple,20425.0,1,57,0,7,38,794
PG,Couple,17144.0,2,47,0,12,64,320
PG,Single,42564.0,1,813,1,24,56,729
PG,Couple,43783.0,1,629,1,22,46,217
PG,Single,40780.0,1,377,0,17,48,845
PG,Couple,62847.0,0,1612,0,14,79,716
PG,Couple,82017.0,0,729,3,17,67,785
PG,Single,16813.0,0,50,1,6,74,531
PG,Couple,51267.0,2,270,0,15,46,429
PG,Single,46524.0,1,177,0,9,63,636
PG,Single,45183.0,0,315,1,13,62,711
PG,Couple,70421.0,1,767,0,23,70,187
PG,Single,60161.0,1,1071,0,26,59,800
PG,Couple,73926.0,0,1580,0,24,51,670
PG,Couple,19329.0,1,60,0,10,56,383
PG,Couple,61872.0,1,573,0,21,54,384
PG,Single,46984.0,2,41,0,5,68,646
PG,Couple,34838.0,2,170,0,10,73,712
PG,Single,82716.0,0,1167,0,28,80,422
PG,Couple,48192.0,0,1526,3,25,66,635
PG,Couple,49681.0,2,458,0,21,48,423
PG,Couple,56850.0,1,63,0,6,53,284
PG,Couple,55267.0,1,405,0,17,67,437
PG,Couple,59666.0,2,1027,1,20,52,650
PG,Single,72504.0,1,1478,0,22,52,635
PG,Couple,26872.0,0,72,0,5,43,442
PG,Single,21359.0,1,48,0,7,52,621
PG,Single,73170.0,0,726,0,16,49,215
PG,Couple,52750.0,1,860,0,27,69,696
PG,Couple,91820.0,0,1497,0,22,38,404
PG,Couple,65968.0,1,495,0,18,54,234
PG,Couple,30772.0,2,20,0,4,48,295
PG,Single,22507.0,0,570,0,19,70,768
PG,Couple,65685.0,1,769,0,21,52,278
PG,Couple,25804.0,1,55,0,7,46,487
PG,Single,76412.0,0,1808,2,18,44,606
PG,Couple,22063.0,1,55,0,7,52,511
PG,Single,57091.0,0,577,1,18,63,200
PG,Couple,22419.0,0,162,0,8,61,623
PG,Couple,87771.0,1,1957,4,20,65,589
PG,Single,78353.0,1,1576,0,24,65,625
PG,Couple,93404.0,3,1616,2,17,70,604
PG,Single,37859.0,3,36,0,6,62,719
PG,Single,80995.0,1,1482,0,22,66,600
PG,Couple,16529.0,1,22,0,5,40,306
PG,Single,55412.0,2,63,0,6,48,405
PG,Single,48789.0,0,680,0,18,32,843
PG,Couple,56575.0,2,542,0,20,57,606
PG,Couple,25130.0,1,50,0,7,44,456
PG,Couple,35441.0,2,39,0,6,57,686
PG,Couple,71391.0,1,1043,0,28,68,643
PG,Single,49494.0,1,385,0,14,52,616
PG,Single,81702.0,0,1633,0,27,44,830
PG,Single,45889.0,1,46,0,5,44,548
PG,Single,56628.0,1,761,1,20,47,286
PG,Couple,34026.0,2,76,0,9,74,514
PG,Couple,40049.0,1,290,0,14,50,763
PG,Single,34176.0,1,89,0,11,36,234
PG,Couple,19419.0,1,70,0,11,43,782
PG,Couple,82504.0,0,1066,0,17,64,523
PG,Couple,81205.0,0,2009,3,19,54,353
PG,Single,61618.0,0,1345,0,19,33,824
PG,Single,55284.0,1,764,0,23,68,738
PG,Single,49980.0,1,195,0,11,61,435
PG,Couple,15072.0,2,53,0,11,44,601
PG,Single,49166.0,1,368,0,13,50,567
PG,Couple,65324.0,1,544,0,20,70,355
PG,Couple,82347.0,0,1853,2,25,67,786
PG,Couple,30843.0,2,35,1,6,58,220
PG,Couple,46374.0,1,446,2,18,50,290
PG,Single,60474.0,1,1180,0,31,45,640
PG,Couple,38576.0,1,41,0,5,51,303
PG,Couple,55357.0,2,727,0,22,39,681
PG,Couple,37758.0,2,40,0,6,58,819
PG,Couple,85710.0,0,1062,1,26,35,606
PG,Couple,23228.0,1,40,0,7,55,340
PG,Couple,44602.0,2,292,0,17,55,320
PG,Couple,7500.0,0,15,0,4,37,722
PG,Couple,38683.0,1,341,0,17,35,819
PG,Single,49514.0,1,369,0,13,49,380
PG,Couple,57906.0,1,401,0,17,51,569
PG,Single,43456.0,1,393,0,17,58,646
PG,Single,19485.0,2,10,0,4,38,464
PG,Couple,53172.0,1,486,0,16,46,605
PG,Couple,30545.0,1,69,0,7,45,806
PG,Couple,70123.0,0,1727,2,17,41,460
PG,Single,62450.0,1,995,1,16,65,360
PG,Couple,21675.0,1,45,0,10,48,204
PG,Single,42395.0,2,182,0,12,43,272
PG,Couple,61346.0,1,989,0,23,46,452
PG,Couple,80812.0,0,1677,3,18,71,471
PG,Single,42835.0,2,595,0,23,53,550
PG,Couple,39922.0,1,156,0,9,41,686
PG,Single,86424.0,0,1226,0,28,68,271
PG,Couple,17117.0,1,128,0,11,46,714
PG,Single,24762.0,1,86,1,9,52,325
PG,Couple,35797.0,1,68,0,7,49,807
PG,Single,36627.0,2,16,0,4,49,527
PG,Couple,51111.0,2,55,0,7,43,196
PG,Single,86857.0,0,2114,0,22,52,841
PG,Couple,82072.0,0,2018,0,19,54,548
PG,Single,46231.0,3,263,0,15,71,766
PG,Couple,42243.0,2,55,0,7,65,386
PG,Couple,51195.0,2,564,0,24,62,640
PG,Single,68092.0,0,1281,0,20,46,381
PG,Couple,31814.0,1,83,1,7,51,691
PG,Single,51390.0,2,353,0,18,59,845
PG,Couple,76630.0,0,1003,0,25,41,352
UG,Single,26868.0,1,14,0,4,33,246
PG,Single,48948.0,0,902,1,24,81,699
PG,Single,55260.0,1,1139,0,25,52,750
PG,Couple,64090.0,1,797,0,20,68,512
PG,Single,78331.0,1,1638,0,25,66,343
PG,Couple,37087.0,1,401,0,17,50,508
PG,Single,21846.0,1,84,0,11,38,436
PG,Couple,81320.0,0,928,0,18,66,694
PG,Single,54137.0,1,203,0,11,54,503
PG,Couple,66825.0,0,858,0,16,57,536
PG,Couple,57100.0,0,409,0,13,51,393
PG,Couple,58917.0,3,282,0,16,55,648
PG,Single,85072.0,0,1423,0,18,47,267
PG,Single,86429.0,0,1449,1,18,63,406
PG,Single,45684.0,1,28,0,4,53,395
PG,Couple,47889.0,1,67,0,6,50,362
PG,Couple,45921.0,0,199,0,10,38,297
PG,Single,78420.0,0,1453,0,22,58,551
PG,Couple,75114.0,0,1253,0,19,32,420
PG,Single,52278.0,1,1198,0,31,61,706
PG,Couple,35641.0,1,178,0,10,52,536
PG,Single,95529.0,0,1990,1,18,30,759
PG,Couple,62820.0,0,976,0,14,70,600
PG,Couple,73113.0,0,1001,0,15,64,371
PG,Couple,84169.0,0,1919,2,20,42,512
PG,Single,42607.0,1,350,0,14,70,410
PG,Single,74637.0,0,1650,1,25,70,593
PG,Couple,46015.0,2,46,2,5,69,263
PG,Single,72354.0,0,1228,0,19,31,624
PG,Single,39858.0,1,95,0,7,55,707
PG,Couple,34469.0,2,62,0,9,76,242
PG,Couple,83033.0,1,1761,1,26,38,228
PG,Couple,24401.0,0,467,0,16,45,853
PG,Couple,77583.0,0,1149,1,19,46,325
PG,Single,74116.0,0,2052,1,19,42,367
PG,Single,74293.0,0,1127,0,16,31,242
PG,Couple,68397.0,1,1416,0,21,48,410
PG,Couple,79632.0,0,1113,0,20,50,268
PG,Single,46107.0,1,125,0,7,35,325
PG,Single,64950.0,1,966,1,25,73,872
UG,Couple,25443.0,1,32,0,5,35,740
PG,Single,75127.0,0,833,0,19,72,224
PG,Couple,32892.0,1,46,0,8,53,221
PG,Couple,71796.0,0,960,0,17,53,434
PG,Couple,67536.0,1,1829,1,30,54,589
PG,Single,55239.0,1,779,0,26,53,536
PG,Single,60554.0,1,811,0,23,49,510
PG,Single,64831.0,2,1120,0,22,72,570
PG,Couple,56067.0,1,725,0,20,62,530
PG,Single,82025.0,0,1187,1,12,41,583
PG,Couple,94384.0,0,2302,3,18,71,668
UG,Single,14906.0,0,66,0,9,38,740
PG,Couple,51563.0,0,1250,2,19,37,822
PG,Couple,57937.0,1,683,0,20,42,319
PG,Single,68274.0,2,305,0,13,45,458
PG,Couple,39771.0,1,50,0,6,47,391
PG,Single,67893.0,1,995,0,16,49,822
PG,Couple,27922.0,1,41,0,6,45,236
PG,Couple,52190.0,2,77,1,9,48,238
PG,Single,44051.0,2,171,0,12,51,702
PG,Single,42767.0,2,131,0,7,53,600
PG,Couple,46106.0,2,54,0,5,48,235
PG,Couple,16927.0,2,53,0,12,48,690
PG,Couple,59754.0,1,475,0,16,59,761
PG,Single,53700.0,1,694,0,22,72,867
PG,Couple,59041.0,2,96,0,8,51,239
PG,Single,54237.0,1,361,0,16,67,614
PG,Single,70647.0,1,1079,0,26,57,832
PG,Single,52597.0,1,578,0,20,62,239
PG,Couple,41021.0,1,64,0,7,55,732
PG,Couple,40233.0,1,149,0,13,49,444
PG,Couple,50183.0,2,231,0,17,44,190
PG,Couple,54753.0,1,728,0,21,65,476
PG,Couple,92955.0,0,1778,2,23,51,500
PG,Couple,33471.0,1,93,0,10,51,811
PG,Couple,34596.0,1,23,0,4,50,628
PG,Couple,44010.0,1,662,0,24,44,810
PG,Couple,84219.0,0,1198,0,18,36,333
PG,Couple,40706.0,3,81,0,11,56,714
PG,Couple,15716.0,1,92,0,10,36,780
PG,Single,59052.0,1,491,0,18,65,410
PG,Couple,80573.0,0,1564,0,24,53,809
PG,Couple,83715.0,0,926,0,24,62,332
PG,Couple,82576.0,0,1910,1,19,65,883
PG,Couple,56962.0,3,411,0,21,59,447
PG,Couple,35704.0,2,94,0,9,72,363
PG,Couple,53103.0,1,1085,1,28,70,476
PG,Single,46779.0,2,23,0,4,64,538
PG,Single,4861.0,0,6,0,0,59,193
PG,Single,33462.0,1,54,0,6,45,512
PG,Single,63693.0,1,1150,0,29,46,444
PG,Couple,80763.0,0,1415,2,23,74,504
PG,Couple,65352.0,1,405,0,16,50,498
PG,Couple,82170.0,0,1908,0,19,46,402
PG,Couple,75759.0,0,2486,3,26,55,433
PG,Single,79689.0,0,1315,0,27,48,599
PG,Single,35340.0,2,45,0,7,68,186
PG,Single,85683.0,0,1789,4,17,70,286
PG,Couple,24884.0,1,19,0,4,52,763
PG,Couple,42021.0,1,573,1,22,43,853
PG,Single,64449.0,1,805,0,24,35,317
PG,Single,64587.0,2,108,0,8,70,193
PG,Single,34824.0,0,23,0,4,29,281
PG,Couple,75437.0,0,1493,1,23,46,418
PG,Couple,26091.0,2,89,0,9,67,310
PG,Couple,52845.0,1,936,1,25,51,506
PG,Single,46086.0,1,343,0,16,68,424
PG,Single,78028.0,1,528,2,20,68,843
PG,Single,95169.0,0,1901,2,12,37,449
PG,Couple,56337.0,2,724,2,22,43,645
PG,Couple,22434.0,1,58,0,7,37,687
PG,Couple,36930.0,1,297,0,16,70,594
PG,Single,36130.0,1,488,1,21,70,698
PG,Couple,65569.0,1,859,0,23,71,787
PG,Couple,83844.0,0,1574,1,20,72,599
PG,Couple,19514.0,2,69,1,10,56,340
PG,Single,36736.0,2,17,0,4,61,601
PG,Couple,77568.0,1,2194,3,21,45,859
PG,Couple,49187.0,1,116,0,8,48,355
PG,Single,30168.0,1,279,0,18,46,665
PG,Couple,34053.0,1,103,0,7,56,843
PG,Couple,38196.0,2,44,0,9,53,258
PG,Couple,59412.0,0,406,0,15,73,257
PG,Couple,70924.0,0,1363,1,20,59,269
PG,Couple,54165.0,0,236,0,11,55,583
PG,Couple,32300.0,1,39,0,5,51,728
PG,Single,20180.0,0,137,0,8,48,680
PG,Couple,34961.0,1,79,0,10,51,196
PG,Couple,28440.0,1,63,0,6,50,543
PG,Couple,64504.0,3,1314,0,25,71,668
PG,Couple,33564.0,1,71,0,6,58,191
PG,Couple,17345.0,1,58,0,7,46,789
PG,Couple,56320.0,1,702,0,21,57,633
PG,Single,28647.0,1,94,1,7,46,498
UG,Single,15038.0,1,80,0,7,37,702
PG,Single,32173.0,1,22,0,5,66,518
PG,Couple,68316.0,1,1211,0,32,60,788
PG,Couple,74538.0,0,1461,1,22,53,551
PG,Single,91700.0,0,1968,0,20,53,714
PG,Couple,68695.0,0,1091,0,16,55,190
PG,Couple,31056.0,1,55,0,5,47,709
PG,Couple,79593.0,0,1366,1,19,51,234
PG,Single,28071.0,0,313,0,13,44,855
PG,Couple,37334.0,2,62,0,11,66,309
PG,Single,46423.0,2,92,0,9,52,470
PG,Couple,37126.0,1,72,1,6,53,277
PG,Couple,47703.0,1,655,0,21,71,582
PG,Couple,61180.0,1,704,1,18,65,253
PG,Couple,38998.0,2,54,0,8,70,789
PG,Single,8028.0,0,178,0,16,33,835
PG,Couple,76081.0,0,1033,1,14,62,223
PG,Couple,34728.0,1,36,0,5,38,520
PG,Single,33168.0,1,122,0,10,59,810
PG,Couple,33585.0,1,122,0,7,58,463
PG,Couple,77037.0,1,1123,0,27,64,445
PG,Couple,35196.0,1,497,0,18,40,779
PG,Couple,44529.0,1,691,1,25,58,545
PG,Couple,70924.0,0,1363,1,20,59,269
PG,Couple,28764.0,2,12,1,4,58,210
PG,Couple,69098.0,0,2440,0,25,75,684
PG,Single,25959.0,2,56,0,7,54,686
PG,Couple,27100.0,1,37,0,5,41,636
PG,Single,70596.0,0,968,0,21,39,818
PG,Couple,42557.0,1,270,0,15,50,855
PG,Couple,53312.0,0,278,0,12,73,510
PG,Single,72228.0,0,1250,0,22,72,765
PG,Couple,67605.0,0,938,0,17,37,641
PG,Couple,62845.0,2,1178,1,28,75,822
PG,Couple,65196.0,2,1155,1,26,66,525
PG,Single,42000.0,0,653,0,20,37,721
PG,Single,35860.0,2,49,1,6,51,227
PG,Couple,65526.0,1,506,0,17,60,265
PG,Couple,16860.0,2,38,0,8,63,841
PG,Single,83528.0,0,1650,2,23,32,245
PG,Single,64176.0,1,1826,0,33,59,881
PG,Single,22304.0,0,18,0,4,68,880
PG,Couple,67023.0,0,906,0,24,46,303
PG,Couple,32892.0,1,46,0,8,53,221
PG,Couple,70713.0,1,1477,0,25,58,759
PG,Couple,59925.0,1,766,0,23,69,762
PG,Couple,39722.0,1,47,0,7,71,311
PG,Couple,46610.0,0,467,0,14,66,532
PG,Couple,88347.0,0,2116,1,21,63,547
PG,Couple,87171.0,0,1298,2,25,43,610
PG,Couple,26907.0,2,22,0,6,48,499
PG,Single,50014.0,1,396,0,15,56,344
PG,Couple,41014.0,1,20,0,4,46,619
PG,Single,66294.0,0,967,0,13,59,290
PG,Couple,36715.0,1,357,0,19,53,775
PG,Couple,79456.0,0,1401,0,16,68,862
PG,Couple,40479.0,1,15,0,4,42,502
PG,Single,75345.0,0,2087,1,20,54,698
PG,Couple,54233.0,1,981,0,26,47,696
PG,Single,24163.0,2,17,0,6,54,446
PG,Couple,84460.0,0,523,4,22,66,727
PG,Couple,43776.0,1,23,0,4,41,243
PG,Single,71691.0,0,1192,0,17,66,290
PG,Couple,85844.0,0,1958,1,20,51,217
PG,Single,39190.0,1,133,0,9,50,250
PG,Couple,71367.0,0,777,0,17,65,496
PG,Single,38578.0,2,73,0,9,52,558
PG,Couple,57236.0,2,121,0,10,59,295
PG,Single,61825.0,1,424,0,15,45,512
PG,Single,79803.0,1,868,0,13,66,213
PG,Single,80910.0,0,756,0,15,38,792
PG,Couple,27590.0,1,12,0,4,42,618
PG,Couple,56775.0,1,937,0,25,45,729
PG,Single,83829.0,0,1862,3,17,49,450
PG,Couple,54210.0,1,367,0,14,45,591
PG,Couple,38508.0,1,443,0,20,38,517
PG,Couple,53187.0,1,267,0,13,54,432
PG,Couple,30023.0,1,61,0,6,52,283
PG,Single,76045.0,0,1323,1,21,64,412
PG,Couple,50870.0,1,63,0,6,72,196
PG,Couple,15315.0,0,64,0,8,54,516
PG,Couple,65463.0,1,562,1,19,50,336
PG,Couple,66480.0,2,312,0,19,59,215
PG,Single,76773.0,0,1156,0,16,70,675
PG,Single,81698.0,0,1104,1,16,41,671
PG,Single,54466.0,2,16,0,4,51,326
PG,Single,98777.0,0,2008,1,19,64,318
PG,Single,16269.0,1,44,0,9,40,489
PG,Couple,71819.0,1,1574,2,14,53,491
PG,Couple,33569.0,1,63,1,5,41,442
PG,Couple,36262.0,0,426,1,12,41,468
UG,Couple,22634.0,0,96,0,6,58,715
PG,Couple,47025.0,1,635,0,23,46,476
PG,Single,70566.0,1,757,0,22,56,452
PG,Couple,31605.0,1,125,0,9,45,770
PG,Single,52034.0,2,332,0,16,51,594
PG,Single,48526.0,1,135,0,8,45,373
PG,Couple,46734.0,1,330,0,14,70,774
PG,Single,39552.0,2,384,0,20,62,744
PG,Single,86358.0,2,1722,0,18,58,876
PG,Couple,46931.0,3,78,0,7,47,252
UG,Single,16581.0,0,24,0,4,39,719
PG,Single,63998.0,0,1168,0,25,72,377
PG,Couple,67381.0,1,957,1,17,73,716
PG,Single,25930.0,2,15,0,4,57,448
PG,Couple,42693.0,1,57,0,5,46,208
PG,Couple,85606.0,1,1956,1,24,48,780
PG,Single,72903.0,0,2013,3,21,39,429
PG,Couple,49669.0,1,326,0,14,50,222
PG,Couple,36778.0,2,77,0,9,56,879
PG,Single,85696.0,0,1313,0,20,62,608
PG,Single,10979.0,0,30,0,8,35,224
PG,Couple,49678.0,1,315,0,14,63,698
PG,Couple,56129.0,1,660,0,22,71,560
PG,Couple,37155.0,1,74,0,7,35,700
PG,Single,21282.0,1,46,0,7,46,235
PG,Single,33419.0,1,86,0,8,62,502
PG,Single,63285.0,0,1103,0,25,79,422
PG,Couple,21255.0,1,61,0,11,50,345
PG,Couple,42162.0,1,145,1,9,43,408
PG,Couple,54450.0,2,684,0,31,68,839
PG,Couple,57744.0,1,411,0,16,70,415
PG,Single,26576.0,1,27,1,4,38,810
PG,Single,57513.0,0,1060,0,27,81,544
PG,Couple,68142.0,1,1459,0,24,60,855
PG,Couple,7500.0,1,18,0,4,45,855
PG,Couple,83145.0,0,1833,1,26,50,831
PG,Couple,54197.0,1,237,0,12,64,273
PG,Single,23091.0,2,48,0,10,61,218
PG,Couple,46049.0,2,515,0,26,48,529
PG,Couple,56715.0,0,1020,0,15,50,757
PG,Couple,79410.0,0,1370,0,11,63,217
PG,Couple,57304.0,1,1026,0,25,73,661
PG,Couple,44375.0,1,301,0,12,59,284
PG,Couple,54450.0,2,684,0,31,68,839
PG,Couple,59594.0,1,499,1,17,59,803
PG,Couple,80685.0,0,1004,0,21,30,862
PG,Couple,40344.0,1,218,0,12,50,445
PG,Couple,62710.0,1,606,0,22,52,588
PG,Couple,48985.0,1,75,0,6,56,545
PG,Couple,35322.0,3,106,0,9,56,862
PG,Couple,77142.0,0,990,0,17,76,582
PG,Single,81657.0,0,1097,0,16,55,344
UG,Couple,14421.0,0,16,1,4,28,318
PG,Couple,20130.0,0,34,0,5,50,290
PG,Couple,74214.0,0,1711,0,16,34,858
PG,Couple,66726.0,2,438,1,17,67,354
UG,Couple,23724.0,1,75,0,7,45,723
PG,Couple,47353.0,1,225,0,13,64,414
PG,Couple,33444.0,2,18,0,4,72,789
PG,Couple,54386.0,1,470,0,17,43,594
PG,Single,28510.0,2,91,0,9,43,628
PG,Single,90638.0,0,2525,1,18,33,322
PG,Couple,48070.0,1,504,0,19,74,718
PG,Couple,43140.0,1,235,0,11,67,726
PG,Single,54959.0,1,1232,1,21,63,712
UG,Single,15056.0,2,88,0,12,66,608
PG,Single,26954.0,1,17,0,4,53,238
PG,Single,22327.0,1,24,0,5,39,517
PG,Couple,44393.0,2,60,0,7,59,497
PG,Single,62000.0,1,1020,1,26,72,494
PG,Couple,31497.0,1,155,0,10,62,756
PG,Couple,45894.0,2,51,0,5,50,308
PG,Single,78579.0,0,1812,0,16,54,740
PG,Single,67369.0,1,1461,2,25,55,775
PG,Single,58401.0,1,96,0,6,64,256
PG,Single,62307.0,1,160,0,9,72,318
PG,Couple,43641.0,2,139,0,10,55,619
PG,Single,63841.0,1,908,0,22,56,620
PG,Couple,46891.0,1,183,0,8,59,487
PG,Couple,70091.0,1,1161,1,19,55,641
PG,Couple,78075.0,0,988,0,14,52,271
PG,Single,59184.0,1,1072,0,27,63,844
PG,Couple,54809.0,2,174,0,12,47,477
PG,Couple,58113.0,1,758,0,22,65,706
PG,Couple,51412.0,1,195,0,11,66,366
PG,Single,15287.0,1,31,1,6,45,813
PG,Couple,66636.0,0,1084,0,17,67,502
PG,Couple,50965.0,1,685,1,22,68,680
PG,Couple,84618.0,0,1672,1,26,59,405
PG,Couple,18351.0,0,43,0,6,34,429
PG,Couple,40451.0,2,49,1,5,67,319
PG,Couple,36317.0,1,133,0,9,59,589
PG,Couple,42213.0,1,363,1,15,67,446
PG,Couple,65748.0,1,545,0,18,69,626
PG,Couple,77044.0,1,1065,1,31,52,431
PG,Couple,74918.0,0,2047,1,21,55,660
PG,Couple,56721.0,2,296,0,15,52,792
PG,Single,42160.0,2,140,0,11,49,552
PG,Single,61559.0,1,530,0,17,59,533
PG,Couple,33629.0,2,152,0,13,61,876
PG,Couple,68682.0,0,1598,0,24,33,452
PG,Single,34377.0,1,114,0,8,61,712
UG,Single,8940.0,1,101,0,10,38,862
PG,Couple,26228.0,1,25,0,4,51,466
PG,Single,77297.0,0,789,1,22,67,705
PG,Couple,40211.0,2,87,1,7,43,520
PG,Single,33438.0,2,90,0,11,66,466
PG,Couple,75032.0,1,1215,0,20,65,613
PG,Single,61284.0,0,811,1,22,69,446
PG,Couple,22518.0,1,61,1,7,38,801
PG,Couple,54730.0,1,405,0,18,49,504
PG,Couple,38452.0,2,72,0,9,69,277
PG,Single,44421.0,2,189,0,14,53,685
PG,Couple,38197.0,1,40,0,5,38,551
PG,Single,41986.0,1,63,0,10,46,326
PG,Couple,28427.0,1,52,0,7,41,651
PG,Couple,37395.0,1,39,0,5,48,244
PG,Couple,64722.0,1,805,0,25,53,220
PG,Couple,55249.0,1,130,0,8,68,259
PG,Couple,84906.0,0,1631,3,24,52,454
PG,Couple,28691.0,1,34,0,5,35,546
PG,Single,44213.0,2,152,0,12,72,398
UG,Single,25707.0,1,21,0,5,40,348
PG,Couple,59062.0,3,71,0,7,57,455
PG,Single,76624.0,1,899,1,23,62,222
PG,Couple,66000.0,0,711,0,10,77,256
PG,Couple,27683.0,1,351,0,16,46,880
PG,Single,1730.0,0,8,0,15,53,228
UG,Single,7500.0,1,119,0,11,32,759
PG,Couple,40521.0,2,21,0,4,56,636
PG,Couple,20427.0,1,10,0,4,51,283
PG,Couple,65106.0,1,973,1,27,49,222
PG,Couple,69969.0,0,1536,2,13,59,492
PG,Couple,67433.0,2,992,1,28,72,534
PG,Couple,77766.0,1,1529,1,34,57,678
PG,Couple,74716.0,1,860,0,17,52,476
PG,Single,68118.0,1,928,0,23,61,440
PG,Couple,55158.0,2,418,0,18,54,885
PG,Couple,62972.0,1,587,0,16,69,881
PG,Couple,74190.0,1,641,0,19,49,234
PG,Couple,39356.0,2,23,1,4,48,288
PG,Couple,76653.0,0,2279,2,23,55,503
PG,Single,35860.0,2,49,1,6,51,227
PG,Single,90687.0,0,1779,1,17,41,589
PG,Couple,73450.0,0,1804,2,27,42,392
PG,Couple,31454.0,2,48,0,8,64,544
PG,Single,47139.0,2,83,0,7,72,301
PG,Single,83829.0,0,1862,3,17,49,450
PG,Couple,53378.0,2,793,0,29,61,829
PG,Couple,19656.0,1,84,0,9,54,692
PG,Couple,45579.0,1,183,0,10,76,499
PG,Single,85485.0,0,1383,0,19,66,194
PG,Couple,55956.0,0,999,1,16,80,269
PG,Single,64191.0,1,825,0,24,61,709
PG,Single,38808.0,1,246,1,14,52,858
PG,Couple,57183.0,2,610,0,25,58,653
PG,Single,23748.0,1,76,0,9,56,771
PG,Couple,66303.0,1,1286,1,22,53,674
PG,Couple,37368.0,1,30,1,4,49,381
PG,Couple,40800.0,3,99,0,8,60,730
PG,Single,71847.0,0,1192,1,22,46,832
PG,Couple,46149.0,1,362,0,18,49,398
PG,Couple,78687.0,0,2130,1,19,41,875
PG,Single,49118.0,0,1229,2,28,53,866
PG,Couple,37633.0,2,38,0,6,67,833
PG,Couple,39767.0,0,485,0,17,73,529
UG,Couple,26997.0,0,434,0,13,73,787
PG,Single,33986.0,1,44,0,5,54,658
PG,Couple,57091.0,1,496,1,18,52,769
PG,Couple,46831.0,2,78,0,7,55,572
PG,Couple,83151.0,0,2346,3,23,52,690
PG,Couple,52531.0,0,794,0,21,53,732
PG,Couple,15759.0,0,17,0,4,68,483
PG,Single,22804.0,1,26,0,5,53,519
PG,Couple,43050.0,1,76,0,8,51,289
PG,Single,42997.0,2,15,0,4,47,390
PG,Single,48918.0,2,62,0,7,61,264
PG,Couple,60033.0,1,198,0,10,70,278
PG,Couple,34043.0,1,49,0,5,46,433
PG,Couple,57811.0,1,802,1,25,58,556
PG,Couple,78569.0,0,1736,1,15,78,316
PG,Single,7500.0,2,57,0,10,46,735
PG,Couple,157733.0,1,59,0,2,53,576
PG,Couple,94384.0,0,2302,3,18,71,668
PG,Couple,23148.0,0,37,0,6,39,317
PG,Single,44267.0,2,310,0,16,54,675
PG,Couple,71626.0,0,1305,1,19,45,791
PG,Couple,60894.0,1,832,0,26,58,552
PG,Couple,50200.0,2,401,0,19,48,638
PG,Couple,81051.0,0,1501,2,23,59,223
PG,Couple,65169.0,0,1189,4,28,42,352
PG,Couple,59868.0,1,1194,0,32,52,528
PG,Couple,65695.0,1,656,0,21,64,335
PG,Single,64857.0,0,1540,0,23,68,769
PG,Couple,45143.0,1,311,0,15,59,493
PG,Couple,74805.0,1,820,0,26,69,421
PG,Couple,59060.0,1,274,0,14,35,355
PG,Single,27238.0,2,57,0,9,62,621
PG,Couple,47009.0,1,448,0,17,59,457
PG,Couple,46094.0,2,44,0,5,51,205
PG,Couple,40321.0,2,102,0,8,52,521
PG,Couple,37235.0,1,61,0,5,40,334
PG,Couple,81843.0,0,1643,0,27,64,619
PG,Couple,46692.0,1,397,0,15,66,574
PG,Couple,77382.0,1,1121,1,26,56,359
PG,Single,37774.0,2,473,1,16,47,850
UG,Couple,18393.0,1,50,0,8,50,278
PG,Couple,72828.0,1,1678,0,28,62,686
PG,Couple,24711.0,0,58,0,7,42,258
PG,Couple,45503.0,1,170,0,9,49,463
PG,Single,6560.0,0,373,0,2,42,385
PG,Couple,71604.0,0,1196,1,17,79,410
PG,Couple,27244.0,1,101,0,8,45,300
PG,Couple,48752.0,2,316,0,17,55,750
PG,Couple,71434.0,1,1400,2,21,62,470
PG,Single,90842.0,0,1424,0,27,76,521
PG,Couple,88097.0,1,844,3,20,46,866
PG,Couple,51948.0,1,311,0,13,49,471
PG,Couple,71853.0,0,1149,0,17,42,603
PG,Couple,35876.0,0,129,0,8,41,256
PG,Single,40049.0,1,32,0,5,72,442
PG,Single,39660.0,1,299,0,14,42,876
PG,Couple,50127.0,1,320,1,13,62,217
PG,Couple,43263.0,1,441,0,16,47,771
PG,Couple,62845.0,2,1178,1,28,75,822
PG,Couple,18929.0,0,85,0,6,34,684
UG,Single,24367.0,1,24,0,4,42,652
PG,Single,33249.0,1,112,0,8,49,680
PG,Couple,26887.0,1,30,0,5,65,690
PG,Couple,50150.0,0,410,0,16,41,560
PG,Couple,62061.0,1,800,1,24,48,488
PG,Single,85696.0,0,1313,0,20,62,608
PG,Couple,76542.0,0,1483,0,23,68,642
PG,Single,70515.0,0,1258,0,17,31,437
PG,Couple,18227.0,1,28,0,4,37,784
PG,Couple,69139.0,1,227,0,11,59,339
PG,Couple,69109.0,0,1555,1,20,42,783
PG,Single,69627.0,1,861,0,23,62,655
PG,Couple,38136.0,1,103,1,8,46,619
PG,Single,62159.0,0,634,0,19,78,248
PG,Single,80695.0,0,1918,0,19,61,368
PG,Single,33316.0,2,131,0,10,53,454
PG,Couple,58554.0,2,586,0,22,56,827
UG,Couple,17256.0,1,62,1,7,32,404
PG,Single,53034.0,2,447,0,22,50,581
PG,Couple,52203.0,0,939,0,27,74,884
PG,Single,59601.0,1,797,1,15,47,525
PG,Single,75154.0,1,1143,0,16,66,849
PG,Single,47025.0,1,415,0,17,48,420
PG,Couple,37971.0,1,30,0,5,51,402
PG,Single,41335.0,1,187,0,12,56,371
PG,Couple,67267.0,1,251,0,11,66,233
PG,Single,57338.0,1,237,0,12,49,247
PG,Couple,50523.0,2,91,0,8,64,372
PG,Single,35791.0,3,35,0,6,59,605
PG,Single,50611.0,1,493,1,22,64,819
PG,Couple,56242.0,1,971,0,28,55,669
PG,Single,48904.0,1,371,0,17,64,760
PG,Single,56243.0,3,396,0,20,49,367
PG,Couple,21355.0,1,68,1,7,39,499
PG,Couple,57420.0,1,322,1,15,53,555
PG,Couple,52917.53424657534,1,317,0,14,54,640
PG,Single,46390.0,1,222,0,10,69,241
PG,Couple,54342.0,2,177,0,12,68,547
PG,Couple,52720.37365591398,2,45,0,5,66,850
PG,Single,47633.19,2,21,0,4,60,354
PG,Couple,20895.0,1,45,0,6,51,817
PG,Couple,92344.0,0,1899,2,20,76,351
PG,Couple,56145.31392931393,1,42,0,5,52,305
PG,Couple,26907.0,2,22,0,6,48,499
PG,Couple,44964.0,2,41,0,5,44,746
PG,Couple,75507.0,0,1440,0,21,45,244
PG,Couple,53761.0,2,325,0,17,52,447
PG,Couple,22682.0,1,95,0,10,51,455
PG,Couple,38887.0,1,42,0,5,52,305
PG,Single,41658.0,2,72,0,6,49,783
PG,Couple,29791.0,1,20,0,7,52,231
PG,Couple,63915.0,2,789,0,23,68,520
PG,Single,39996.0,2,15,0,4,50,224
PG,Single,26759.0,1,59,0,8,52,328
PG,Single,63841.0,1,908,0,22,56,620
PG,Couple,51039.0,2,417,0,14,55,752
PG,Couple,60544.0,2,289,0,15,63,859
PG,Couple,65685.0,1,769,0,21,52,278
PG,Couple,37716.0,1,188,0,10,71,255
PG,Single,36864.0,1,354,0,14,67,871
PG,Couple,44511.0,1,727,0,26,54,811
PG,Couple,36947.0,2,146,0,11,57,877
PG,Couple,47352.0,1,319,0,16,73,630
PG,Couple,67087.0,1,794,0,22,71,380
PG,Couple,57045.0,1,454,0,18,74,845
PG,Single,36957.0,2,152,0,11,71,847
PG,Couple,69389.0,1,797,0,22,47,825
PG,Couple,80134.0,1,1690,3,16,52,591
PG,Couple,43142.0,2,20,0,4,55,317
PG,Couple,80589.0,0,1428,1,21,80,344
PG,Single,34412.0,1,209,0,11,34,687
PG,Single,57537.0,1,545,0,19,45,570
UG,Couple,22634.0,0,96,0,6,58,715
PG,Couple,51315.0,0,222,0,10,76,312
PG,Couple,36026.0,3,61,0,7,52,291
PG,Couple,24639.0,2,44,0,9,51,338
PG,Couple,34578.0,3,8,0,4,52,265
PG,Single,65704.0,0,817,0,23,52,445
PG,Single,63810.0,1,1371,1,23,58,781
PG,Couple,54132.0,1,42,0,5,55,319
PG,Couple,18690.0,0,60,0,5,65,734
PG,Couple,28164.0,1,78,0,9,54,607
PG,Couple,34596.0,1,23,0,4,50,628
PG,Couple,43269.0,1,19,0,4,52,472
PG,Single,38741.0,2,61,0,7,66,277
PG,Single,31907.0,0,449,0,14,52,668
PG,Couple,27100.0,1,37,0,5,41,636
PG,Single,31163.0,1,38,0,5,51,322
PG,Couple,92533.0,0,1131,2,23,39,378
PG,Single,34853.0,2,34,0,7,51,374
PG,Single,70844.0,2,294,0,17,57,428
PG,Couple,31086.0,2,48,1,6,45,607
PG,Couple,60544.0,2,289,0,15,63,859
PG,Couple,20491.0,0,30,0,4,38,706
PG,Couple,42523.0,0,125,0,7,60,253
PG,Couple,39922.0,1,156,0,9,41,686
PG,Couple,33402.0,2,70,0,9,72,532
PG,Couple,36408.0,2,22,0,4,75,467
PG,Couple,21645.0,1,65,0,9,45,850
PG,Single,78427.0,0,1930,1,23,76,799
PG,Couple,82657.0,0,2283,2,23,78,461
PG,Couple,51876.0,0,310,0,13,66,443
PG,Couple,78041.0,0,1319,0,18,53,746
PG,Couple,52852.0,1,879,1,26,67,761
PG,Couple,70038.0,0,1244,0,17,42,433
PG,Couple,69401.0,1,690,0,17,51,284
PG,Couple,46053.0,1,209,0,12,52,683
PG,Couple,77343.0,0,1134,0,17,59,206
PG,Single,73892.0,0,1507,0,23,71,414
PG,Single,40304.0,1,57,0,6,57,458
PG,Couple,32727.0,0,529,0,17,59,856
PG,Couple,68695.0,0,1091,0,16,55,190
PG,Single,43300.0,1,180,0,11,53,810
PG,Couple,26290.0,2,77,0,10,52,719
PG,Single,93790.0,0,2349,3,25,54,323
PG,Couple,38410.0,0,534,0,18,50,839
PG,Single,64866.0,1,556,1,21,74,340
PG,Couple,57957.0,1,637,0,25,65,500
PG,Couple,46015.0,2,46,2,5,69,263
PG,Couple,16531.0,1,44,0,9,46,197
PG,Couple,28072.0,1,47,0,5,38,542
PG,Single,49476.0,1,795,0,22,61,560
PG,Couple,50725.0,1,586,0,21,71,687
PG,Couple,83844.0,0,1574,1,20,72,599
PG,Couple,41145.0,2,13,0,4,74,327
PG,Couple,67419.0,1,1471,0,25,54,715
PG,Couple,23162.0,2,65,0,8,54,376
PG,Couple,34380.0,1,175,0,12,47,609
PG,Single,34704.0,1,40,0,5,58,614
PG,Couple,94871.0,2,1078,2,18,55,852
PG,Couple,65148.0,1,1115,0,21,66,776
PG,Couple,39898.0,1,134,0,9,70,688
PG,Single,64857.0,0,1540,0,23,68,769
PG,Couple,59892.0,1,87,0,7,54,425
PG,Single,41020.0,0,217,0,10,37,430
PG,Couple,57072.0,1,1034,1,27,63,342
PG,Single,60474.0,1,1180,0,31,45,640
PG,Couple,62807.0,1,819,0,23,64,853
PG,Couple,19414.0,1,32,0,5,43,442
PG,Couple,19107.0,1,46,0,6,44,497
PG,Couple,75484.0,1,1159,0,18,48,882
PG,Single,70379.0,1,860,0,25,48,669
PG,Couple,79419.0,0,1631,0,15,54,193
PG,Couple,64014.0,3,444,1,22,78,205
PG,Couple,76998.0,1,1910,1,29,69,720
PG,Couple,49854.0,1,380,0,18,52,417
PG,Couple,60585.0,2,736,0,30,53,556
PG,Single,42873.0,2,269,0,15,74,710
PG,Couple,87679.0,0,2524,3,29,36,523
PG,Couple,57867.0,1,612,0,25,46,457
PG,Couple,35765.0,1,75,0,8,34,386
PG,Couple,65492.0,0,1045,0,26,65,340
PG,Single,32952.0,1,55,0,6,47,396
PG,Couple,53374.0,1,1064,1,21,55,868
PG,Couple,71706.0,1,1443,0,25,65,779
PG,Couple,68487.0,0,1366,0,30,36,718
PG,Couple,53253.0,2,436,0,19,49,689
PG,Single,31163.0,1,38,0,5,51,322
PG,Couple,42014.0,1,436,0,20,47,867
PG,Couple,54108.0,2,747,0,32,51,787
PG,Single,49667.0,0,1396,1,22,69,864
PG,Couple,63206.0,0,928,1,14,50,287
PG,Couple,57136.0,2,642,0,26,52,541
PG,Couple,46772.0,1,1048,1,30,49,785
PG,Couple,78931.0,0,943,0,24,53,433
PG,Couple,53977.0,1,907,0,27,66,572
PG,Couple,84219.0,0,1198,0,18,36,333
PG,Single,46098.0,2,120,0,11,49,866
PG,Couple,73538.0,1,1658,0,26,59,767
PG,Couple,79529.0,0,1638,0,22,38,249
PG,Couple,20981.0,0,73,0,7,47,611
PG,Single,51766.0,1,275,0,12,44,296
PG,Couple,55759.0,1,854,0,26,62,764
PG,Couple,33039.0,1,78,0,7,46,479
PG,Couple,37787.0,1,106,0,7,52,468
PG,Single,27242.0,1,106,0,7,54,781
PG,Single,87188.0,0,1923,0,19,41,577
PG,Couple,69930.0,0,1662,0,22,53,585
PG,Single,37697.0,1,84,0,7,48,328
PG,Couple,37401.0,1,48,0,7,51,240
PG,Single,3502.0,1,5,0,0,51,628
PG,Couple,58597.0,2,733,0,32,48,772
PG,Single,82032.0,0,1234,0,17,76,271
PG,Couple,28087.0,2,112,0,9,66,751
PG,Single,74004.0,0,1658,2,15,37,311
PG,Couple,19740.0,1,55,0,7,64,648
PG,Couple,57036.0,1,1513,1,26,49,751
PG,Couple,53083.0,2,271,1,17,66,596
PG,Couple,69283.0,1,904,0,27,49,201
PG,Single,46098.0,2,120,0,11,49,866
PG,Couple,23331.0,1,103,0,8,36,849
PG,Single,23331.0,1,269,0,17,36,818
PG,Single,9255.0,1,22,0,5,35,377
PG,Single,67786.0,0,1156,0,16,65,390
PG,Couple,71969.0,1,1086,1,19,53,807
PG,Single,59235.0,1,1128,0,28,57,719
PG,Couple,31928.0,1,72,0,9,35,279
PG,Couple,74881.0,2,964,0,27,63,664
PG,Couple,65819.0,0,1383,0,20,46,763
PG,Single,51411.0,3,18,0,4,71,585
PG,Single,51983.0,1,793,0,24,60,853
PG,Couple,42386.0,1,100,0,7,38,718
PG,Couple,30390.0,0,80,0,6,37,486
PG,Single,30983.0,0,167,0,8,61,783
PG,Single,66033.0,1,677,0,20,67,711
PG,Couple,37284.0,2,23,0,4,49,643
PG,Single,57530.0,1,92,0,7,73,446
PG,Couple,76800.0,0,641,0,16,59,299
PG,Couple,63943.0,1,1106,0,17,68,851
PG,Couple,76081.0,0,1033,1,14,62,223
PG,Couple,67445.0,1,1174,0,32,50,872
PG,Couple,37054.0,2,25,0,6,57,473
PG,Couple,47175.0,2,240,1,17,62,795
PG,Single,31859.0,1,20,0,4,48,566
PG,Single,27215.0,3,102,0,11,63,708
PG,Single,70179.0,1,1034,0,26,48,529
PG,Couple,39922.0,1,156,0,9,41,686
PG,Couple,49681.0,2,458,0,21,48,423
PG,Couple,24645.0,1,17,0,4,36,791
PG,Single,79865.0,1,792,0,21,70,197
PG,Couple,44322.0,1,92,0,8,39,199
PG,Single,47958.0,1,407,0,16,72,712
PG,Single,63972.0,1,1269,1,23,60,760
PG,Couple,75315.0,1,841,0,23,70,261
PG,Couple,55517.0,2,633,0,23,74,826
PG,Couple,75283.0,3,1019,0,25,67,645
PG,Single,82800.0,0,1315,2,26,78,768
PG,Couple,38998.0,2,54,0,8,70,789
PG,Single,90638.0,0,2525,1,18,33,322
PG,Couple,27161.0,1,52,0,5,38,430
PG,Couple,42014.0,1,436,0,20,47,867
PG,Couple,38201.0,1,268,0,15,64,643
PG,Couple,45203.0,2,147,0,8,42,284
PG,Couple,81574.0,0,1798,2,18,77,248
PG,Couple,34935.0,0,137,0,8,32,559
PG,Single,60482.0,1,507,0,17,48,708
PG,Couple,34633.0,3,15,0,4,68,343
PG,Couple,78093.0,0,1105,0,17,77,386
PG,Single,82460.0,0,974,0,15,74,395
PG,Couple,45903.0,1,66,0,8,58,253
PG,Single,81361.0,0,778,0,27,37,310
PG,Single,35860.0,2,49,1,6,51,227
PG,Couple,40442.0,2,169,0,12,72,865
PG,Couple,61482.0,0,299,0,12,59,188
PG,Couple,34968.0,1,221,0,17,44,631
PG,Couple,75794.0,0,1682,1,25,37,373
PG,Couple,31497.0,1,155,0,10,62,756
PG,Couple,74268.0,0,892,0,13,69,686
UG,Couple,13724.0,1,58,1,5,36,853
PG,Couple,45143.0,1,311,0,15,59,493
PG,Single,52569.0,1,95,0,7,57,271
PG,Single,48432.0,1,424,0,19,51,805
PG,Couple,17144.0,2,47,0,12,64,320
PG,Single,36108.0,1,339,1,15,40,443
PG,Couple,76445.0,1,1410,0,21,53,825
PG,Couple,36663.0,1,35,0,6,49,251
PG,Couple,53843.0,1,562,0,20,59,553
PG,Couple,90226.0,0,2352,1,24,68,827
PG,Single,70638.0,0,1334,1,20,69,579
PG,Couple,44512.0,2,32,0,6,64,489
PG,Couple,27116.0,2,41,0,7,63,305
PG,Couple,54072.0,2,39,0,5,61,523
PG,Couple,71855.0,1,1141,0,25,47,715
PG,Single,51250.0,1,710,1,24,34,642
PG,Couple,60432.0,1,401,0,19,51,298
PG,Couple,65526.0,1,506,0,17,60,265
PG,Single,68655.0,0,1538,0,21,36,874
PG,Couple,12393.0,0,57,0,6,46,758
PG,Single,64509.0,0,1722,1,19,34,502
PG,Single,33955.0,1,270,0,15,49,510
PG,Couple,31353.0,2,31,0,6,47,368
PG,Couple,55434.0,1,882,0,24,40,453
PG,Couple,28359.0,1,16,0,4,41,431
PG,Single,57100.0,1,311,0,14,37,228
PG,Couple,69139.0,1,227,0,11,59,339
PG,Couple,52973.0,1,1152,0,31,68,784
PG,Couple,51717.0,1,122,1,8,59,499
PG,Couple,18793.0,1,77,0,9,53,719
PG,Couple,66664.0,0,1289,0,19,42,828
PG,Single,50664.0,2,561,0,24,65,715
PG,Couple,54414.0,2,211,0,13,61,708
PG,Couple,54549.0,1,233,0,12,72,304
PG,Single,47111.0,1,1092,0,21,53,845
PG,Single,41003.0,0,601,0,17,61,655
PG,Couple,19444.0,1,54,0,10,42,313
PG,Couple,36301.0,1,78,0,7,48,433
PG,Couple,73059.0,1,1095,0,26,77,488
PG,Couple,42731.0,1,244,0,13,55,437
PG,Couple,52854.0,2,116,0,9,65,283
PG,Couple,22775.0,1,15,0,4,46,561
PG,Couple,46681.0,2,425,0,16,76,450
PG,Couple,59821.0,1,734,0,26,69,629
PG,Single,50002.0,1,638,0,19,70,563
PG,Couple,69755.0,0,894,0,22,79,456
PG,Couple,44078.0,2,41,0,7,55,196
PG,Couple,30560.0,1,31,0,5,48,553
PG,Couple,35924.0,2,34,0,5,55,284
PG,Single,64140.0,2,1750,3,18,60,465
PG,Couple,56386.0,2,612,0,25,43,796
UG,Couple,24594.0,1,29,0,5,45,387
PG,Couple,75774.0,1,823,0,21,43,244
PG,Single,39228.0,0,20,0,4,64,601
PG,Couple,58494.0,1,396,0,16,50,385
PG,Single,58684.0,0,813,1,21,43,199
PG,Single,57136.0,0,1179,0,20,57,593
PG,Single,56551.0,2,138,0,10,74,239
PG,Couple,22448.0,1,55,0,9,42,309
PG,Single,82014.0,0,1511,0,22,63,864
PG,Single,34213.0,2,117,0,9,61,846
PG,Couple,157146.0,0,1730,0,28,47,612
PG,Single,25358.0,1,32,0,6,77,528
PG,Single,35544.0,1,67,0,6,46,299
PG,Couple,36634.0,1,335,0,15,70,583
PG,Couple,62670.0,1,825,0,22,70,333
PG,Couple,50334.0,1,694,0,23,52,526
PG,Single,72066.0,0,1792,2,17,43,192
PG,Single,50729.0,2,496,0,24,66,609
PG,Couple,34916.0,2,231,0,13,56,596
PG,Single,64892.0,1,902,0,24,48,217
PG,Single,43602.0,2,68,0,9,58,356
PG,Single,33996.0,0,71,0,6,35,477
PG,Single,41473.0,1,76,0,6,39,561
PG,Couple,63246.0,2,772,0,22,57,499
PG,Couple,36732.0,2,47,0,9,65,368
PG,Couple,69084.0,1,1586,0,25,54,408
PG,Couple,77766.0,1,1529,1,34,57,678
PG,Single,37929.0,0,265,2,13,39,520
PG,Couple,86610.0,0,1603,0,18,73,483
PG,Couple,80141.0,0,2091,1,22,38,720
PG,Couple,72635.0,0,981,1,21,69,577
PG,Couple,69016.0,1,1533,0,34,54,770
PG,Couple,20193.0,0,82,0,7,33,764
PG,Couple,27573.0,1,244,0,14,49,647
UG,Single,15862.0,1,36,0,5,45,553
PG,Couple,49544.0,1,404,0,16,48,688
PG,Couple,33228.0,1,71,0,6,44,343
PG,Couple,70440.0,0,1572,1,23,46,450
PG,Couple,38232.0,2,122,0,11,53,349
PG,Couple,22554.0,2,41,0,10,69,789
PG,Couple,23536.0,1,10,0,4,41,211
PG,Couple,49413.0,1,304,0,13,72,433
PG,Couple,42231.0,2,37,0,5,55,282
PG,Single,78789.0,0,1754,0,16,44,876
PG,Couple,56534.0,1,815,2,25,56,527
PG,Single,58350.0,1,1001,0,27,53,727
PG,Single,81217.0,0,1157,0,22,35,531
PG,Single,49090.0,1,688,0,21,73,531
PG,Single,61787.0,0,1319,0,19,37,544
PG,Couple,18169.0,1,21,0,4,39,681
PG,Single,24336.0,1,31,0,4,43,857
PG,Couple,18222.0,0,67,0,6,34,731
PG,Single,62335.0,1,708,0,21,72,588
PG,Couple,42033.0,2,25,0,4,53,834
PG,Couple,86580.0,0,746,1,11,41,673
PG,Single,41437.0,2,32,0,5,67,831
PG,Single,73705.0,2,1695,0,25,73,302
PG,Couple,61064.0,1,1080,0,28,48,853
PG,Couple,38452.0,2,72,0,9,69,277
PG,Single,18358.0,1,57,0,10,35,407
PG,Couple,55012.0,1,660,0,25,51,286
UG,Couple,9722.0,1,103,0,11,51,821
PG,Couple,38175.0,1,153,0,11,40,465
PG,Couple,58656.0,1,1220,1,32,68,833
PG,Couple,52117.0,1,279,0,13,59,868
PG,Couple,64813.0,1,745,0,20,46,364
PG,Couple,54222.0,1,264,0,12,51,306
PG,Couple,83512.0,0,2157,4,22,38,198
PG,Couple,77520.0,1,1526,3,23,65,491
PG,Couple,41154.0,1,69,0,6,46,632
PG,Couple,80398.0,0,1597,1,26,58,782
UG,Single,18746.0,1,64,0,8,32,217
PG,Couple,35196.0,1,497,0,18,40,779
PG,Single,60230.0,1,1067,0,17,68,591
PG,Couple,22108.0,2,31,0,7,47,238
PG,Couple,44392.0,2,211,0,14,50,483
PG,Couple,55424.0,1,877,1,25,48,767
PG,Couple,17688.0,1,11,0,4,45,718
PG,Couple,92491.0,0,2034,3,25,41,610
PG,Single,90273.0,0,1991,3,19,33,383
PG,Single,82571.0,0,1686,1,24,62,274
PG,Single,38513.0,1,324,0,17,42,338
PG,Single,16653.0,1,69,0,9,45,258
PG,Couple,42586.0,2,252,0,16,69,794
UG,Single,23529.0,1,54,0,5,59,724
PG,Couple,74881.0,2,964,0,27,63,664
PG,Couple,71107.0,1,1327,0,28,73,683
PG,Couple,46910.0,2,68,0,7,60,284
PG,Couple,18690.0,0,60,0,5,65,734
PG,Single,37244.0,2,55,1,5,69,614
PG,Couple,82427.0,0,1456,1,21,58,295
PG,Single,75342.0,1,563,0,18,66,605
PG,Single,70044.0,1,1504,0,26,70,682
PG,Single,79146.0,2,564,0,19,57,252
PG,Couple,77437.0,0,1125,1,23,61,401
PG,Couple,54984.0,1,358,1,17,65,222
PG,Couple,42403.0,1,42,0,5,53,386
PG,Couple,55761.0,1,184,1,10,60,252
PG,Couple,37292.0,1,460,0,19,41,623
PG,Single,45576.0,0,145,0,8,79,218
PG,Couple,70321.0,0,1376,0,25,77,715
PG,Single,58086.0,1,792,0,23,55,711
PG,Couple,81795.0,0,1382,0,23,72,797
UG,Couple,28389.0,0,28,0,4,77,772
PG,Couple,66835.0,0,1033,0,24,78,460
PG,Single,69901.0,1,882,0,23,55,582
PG,Couple,80360.0,0,2231,3,15,75,669
PG,Couple,63342.0,1,1101,1,19,63,807
PG,Couple,44989.0,1,369,0,16,50,841
PG,Single,31859.0,1,48,0,5,44,308
PG,Single,51569.0,1,467,1,19,75,688
PG,Single,30372.0,2,44,0,8,53,737
UG,Single,16014.0,2,38,0,10,45,655
PG,Couple,41120.0,2,81,0,9,56,421
PG,Single,39763.0,1,167,0,10,53,515
PG,Couple,38725.0,2,45,0,7,69,236
PG,Couple,77981.0,1,664,0,21,52,585
PG,Couple,62905.0,1,622,0,20,60,478
PG,Single,13533.0,1,48,0,7,45,662
PG,Couple,59481.0,1,461,0,16,49,435
PG,Couple,72117.0,1,1073,0,26,47,499
PG,Couple,21955.0,1,55,0,8,38,481
PG,Couple,67131.0,1,976,0,26,68,646
PG,Single,36802.0,1,20,0,5,44,199
PG,Couple,71853.0,0,1149,0,17,42,603
UG,Couple,28249.0,0,43,0,6,63,200
PG,Couple,47808.0,1,224,1,10,49,438
PG,Single,25509.0,1,101,0,9,50,835
PG,Couple,51012.0,0,209,0,10,78,623
PG,Single,70596.0,0,968,0,21,39,818
PG,Couple,85431.0,0,1165,0,17,72,572
PG,Couple,42664.0,1,24,0,5,57,289
PG,Couple,42586.0,2,252,0,16,69,794
PG,Single,29760.0,1,165,0,12,39,855
PG,Couple,28973.0,0,269,0,13,47,810
PG,Couple,39435.0,1,102,0,7,51,513
PG,Couple,65370.0,0,461,0,19,40,518
UG,Single,20194.0,1,47,0,7,45,745
PG,Single,42473.0,2,144,0,10,48,318
PG,Couple,64590.0,0,1338,0,24,56,809
PG,Couple,71232.0,1,917,0,25,65,399
PG,Couple,34600.0,2,318,0,17,53,730
PG,Single,46904.0,2,253,0,14,57,789
PG,Couple,49094.0,1,502,0,20,51,832
PG,Couple,36075.0,1,119,0,7,41,388
PG,Couple,60839.0,2,1250,0,29,45,856
PG,Couple,77298.0,1,969,0,24,45,425
PG,Couple,34026.0,2,76,0,9,74,514
PG,Single,48918.0,2,62,0,7,61,264
PG,Couple,82122.0,0,1382,1,26,62,504
PG,Single,37697.0,1,84,0,7,48,328
PG,Couple,34074.0,2,255,1,14,72,537
PG,Couple,28520.0,2,43,0,5,64,566
PG,Single,62535.0,1,398,0,14,69,455
PG,Single,36273.0,1,76,0,8,47,260
PG,Couple,63404.0,2,902,1,15,60,209
PG,Couple,75774.0,1,823,0,21,43,244
PG,Couple,78416.0,1,1179,0,26,48,188
PG,Couple,75702.0,1,1921,1,29,50,809
PG,Couple,59385.0,2,185,0,10,73,613
PG,Single,37070.0,2,433,0,23,58,652
PG,Couple,44689.0,2,34,1,6,73,356
PG,Couple,53977.0,1,907,0,27,66,572
PG,Single,7144.0,2,416,0,25,58,390
PG,Single,18701.0,2,44,0,10,60,576
PG,Couple,90369.0,0,1588,0,17,68,248
PG,Single,63159.0,0,1797,1,17,50,787
PG,Couple,37758.0,2,40,0,6,58,819
PG,Single,46757.0,1,1143,0,21,61,776
PG,Couple,79734.0,0,914,1,14,55,187
PG,Couple,63207.0,0,1502,1,12,32,711
PG,Single,72071.0,1,1338,0,20,70,686
PG,Couple,21840.0,1,27,0,5,41,529
PG,Couple,58582.0,1,763,1,22,42,460
PG,Single,72282.0,0,1331,0,22,73,531
PG,Couple,50387.0,2,525,0,19,68,488
PG,Couple,32583.0,2,9,0,4,63,200
PG,Couple,62568.0,1,953,1,16,62,269
PG,Single,44635.0,2,68,0,7,53,447
PG,Single,33316.0,2,131,0,10,53,454
PG,Couple,63967.0,1,882,0,23,56,510
PG,Couple,52513.0,0,1149,0,25,46,849
PG,Couple,25293.0,1,37,0,5,55,473
PG,Single,54111.0,1,388,0,15,59,494
PG,Couple,78394.0,0,1428,0,16,38,685
PG,Couple,80739.0,0,1633,0,24,66,588
PG,Couple,22669.0,1,173,0,10,49,589
PG,Single,29236.0,1,99,0,9,37,450
PG,Couple,44911.0,1,215,0,12,65,657
PG,Couple,54693.0,1,929,0,31,62,683
PG,Couple,48186.0,1,219,0,12,50,287
PG,Couple,54809.0,2,174,0,12,47,477
PG,Couple,41580.0,2,92,0,9,46,752
PG,Couple,80336.0,0,1052,0,25,54,479
PG,Couple,47743.0,1,275,1,14,67,650
PG,Couple,62972.0,1,587,0,16,69,881
PG,Single,57333.0,1,1662,0,33,70,831
PG,Couple,32313.0,1,159,0,11,42,689
PG,Single,84953.0,0,1024,3,18,71,577
PG,Single,27071.0,1,35,0,7,56,253
PG,Couple,68148.0,0,1042,0,15,67,488
PG,Couple,65735.0,2,395,0,19,59,390
PG,Couple,86836.0,0,557,3,23,49,841
PG,Couple,4023.0,2,9,0,15,61,192
PG,Couple,30093.0,0,69,0,6,34,542
PG,Couple,57705.0,1,486,0,18,58,355
PG,Single,25008.0,1,34,0,6,36,333
PG,Single,83257.0,0,1365,2,28,29,835
PG,Couple,22280.0,1,13,0,4,49,592
PG,Couple,72159.0,0,1401,0,21,46,794
PG,Couple,64260.0,0,1574,0,14,63,720
PG,Single,82733.0,0,1323,0,20,40,478
PG,Single,74290.0,1,1217,2,32,53,507
PG,Single,58217.0,3,103,0,7,73,775
PG,Couple,21024.0,0,84,0,7,48,546
PG,Couple,70116.0,0,1536,0,23,52,705
PG,Couple,54006.0,1,581,0,18,39,835
PG,Couple,69063.0,1,928,0,14,58,785
PG,Single,11448.0,0,14,0,4,49,382
PG,Single,61825.0,1,424,0,15,45,512
PG,Couple,70886.0,1,960,0,14,53,444
PG,Couple,69109.0,0,1555,1,20,42,783
PG,Single,60208.0,2,656,1,29,51,816
PG,Couple,32889.0,2,55,0,9,56,482
PG,Single,34738.0,1,20,0,5,40,235
PG,Couple,30538.0,1,367,0,17,53,822
PG,Couple,82326.0,0,2257,3,22,47,297
PG,Single,26642.0,1,42,0,7,57,306
PG,Single,69932.0,1,1049,0,26,60,568
PG,Single,44503.0,2,48,0,7,52,260
PG,Single,60200.0,1,685,0,25,76,729
PG,Single,49638.0,1,39,0,5,72,257
PG,Single,23830.0,0,43,0,5,37,328
PG,Single,33051.0,0,835,0,21,65,868
PG,Couple,72905.0,0,1515,1,20,66,345
PG,Couple,69702.0,1,1039,0,26,73,681
PG,Single,70300.0,1,1596,0,26,49,535
PG,Couple,70643.0,0,1828,0,18,40,808
PG,Couple,30396.0,1,34,1,6,55,246
PG,Single,50616.0,1,149,0,10,56,258
PG,Single,62772.0,1,946,1,23,55,592
PG,Single,30298.0,0,28,0,6,39,227
PG,Single,52413.0,1,450,0,17,40,789
PG,Couple,44155.0,2,46,0,5,67,347
PG,Single,86979.0,0,1702,1,16,53,420
PG,Couple,76532.0,2,820,0,25,49,479
PG,Couple,42081.0,1,382,1,15,42,674
PG,Couple,67546.0,0,2126,0,20,36,853
PG,Couple,88420.0,0,2069,3,20,35,244
PG,Couple,31158.0,1,72,0,7,39,704
PG,Single,61671.0,1,732,2,28,56,212
PG,Single,69719.0,0,801,0,11,50,220
PG,Single,49160.0,1,236,0,12,75,438
UG,Couple,24882.0,1,80,1,5,46,844
PG,Single,90933.0,0,1685,1,15,70,276
PG,Single,113734.0,0,277,0,27,79,218
PG,Couple,59292.0,1,507,0,18,74,567
PG,Couple,45759.0,2,68,0,7,60,677
PG,Single,22148.0,0,49,0,5,41,263
PG,Couple,73395.0,0,397,0,15,37,289
PG,Single,29819.0,1,39,0,9,53,434
PG,Couple,45688.0,1,306,1,14,56,341
PG,Couple,62820.0,0,976,0,14,70,600
PG,Couple,60491.0,1,1028,0,28,53,482
PG,Couple,33235.0,1,70,0,7,38,330
PG,Couple,35701.0,0,46,0,5,65,653
PG,Couple,31535.0,1,51,1,5,44,462
PG,Couple,92556.0,0,1263,0,21,64,256
PG,Single,67384.0,1,1490,1,22,54,782
PG,Couple,80573.0,0,1564,0,24,53,809
PG,Couple,77870.0,1,1815,2,18,57,862
PG,Single,52278.0,1,1198,0,31,61,706
PG,Single,57107.0,1,416,2,23,56,860
PG,Couple,18929.0,0,85,0,6,34,684
PG,Single,36038.0,1,47,0,8,43,580
PG,Single,20180.0,0,137,0,8,48,680
PG,Couple,34230.0,2,21,0,4,59,736
PG,Single,31878.0,1,70,0,6,47,193
PG,Couple,70932.0,1,909,0,22,52,347
PG,Single,91249.0,0,1676,4,22,68,803
PG,Single,77598.0,0,1735,1,26,81,457
PG,Single,80982.0,2,1191,0,30,65,723
PG,Couple,22701.0,1,24,0,5,47,483
PG,Couple,55212.0,1,1182,2,20,55,769
PG,Couple,70617.0,0,1280,0,14,54,557
PG,Single,64849.0,0,1336,0,19,67,779
PG,Couple,62694.0,2,749,0,24,59,563
PG,Couple,61917.0,2,91,0,7,50,407
PG,Couple,67472.0,1,414,0,15,77,460
PG,Couple,21059.0,1,44,0,9,42,359
PG,Couple,29543.0,2,63,0,8,56,275
PG,Couple,75903.0,1,901,0,23,73,633
PG,Couple,34984.0,2,38,0,6,49,847
PG,Single,54998.0,1,455,0,20,68,662
PG,Single,54356.0,1,775,0,24,75,773
PG,Couple,34242.0,1,15,0,4,65,284
PG,Couple,25410.0,1,38,0,6,51,488
PG,Couple,73356.0,0,1512,3,22,40,329
PG,Couple,28320.0,1,43,0,5,74,717
PG,Single,23763.0,1,42,0,5,47,877
PG,Couple,72570.0,0,1089,0,23,40,251
PG,Couple,34529.0,1,162,0,9,48,839
PG,Single,70792.0,0,1272,0,19,73,694
PG,Couple,63211.0,0,1173,0,20,42,790
PG,Couple,83891.0,1,816,0,22,50,195
PG,Single,36065.0,2,74,0,9,56,641
PG,Couple,39898.0,1,134,0,9,70,688
PG,Single,51141.0,0,157,0,9,84,542
PG,Couple,56939.0,1,561,0,18,48,470
PG,Single,80872.0,0,1336,0,19,73,234
PG,Couple,72335.0,0,2092,0,23,48,871
PG,Single,61798.0,0,463,0,16,60,404
PG,Single,76842.0,0,1130,0,17,74,243
PG,Couple,29478.0,1,20,0,5,48,349
PG,Single,46998.0,1,377,1,18,68,801
PG,Single,96843.0,0,1544,1,28,34,618
PG,Single,56551.0,2,138,0,10,74,239
PG,Couple,70053.0,1,1012,0,26,59,547
PG,Single,71670.0,0,1766,3,15,62,541
PG,Couple,44359.0,2,45,0,9,46,198
PG,Single,40887.0,2,161,0,10,72,605
PG,Single,48877.0,1,144,0,8,58,361
PG,Couple,74485.0,0,1734,0,26,77,495
PG,Couple,64474.0,1,823,0,22,52,436
PG,Couple,77226.0,1,1138,0,28,61,307
PG,Single,72643.0,0,1429,1,21,75,673
PG,Couple,85738.0,0,1371,2,21,46,343
PG,Single,55686.0,1,982,1,16,58,686
PG,Single,39062.0,1,44,1,5,41,282
PG,Couple,34600.0,2,318,0,17,53,730
PG,Couple,40794.0,1,434,0,16,49,634
PG,Couple,54690.0,2,198,0,12,53,420
PG,Couple,4428.0,1,359,0,25,55,453
PG,Couple,32632.0,0,576,0,18,61,882
PG,Single,38236.0,2,88,0,11,56,468
PG,Couple,36781.0,1,63,0,6,45,266
PG,Single,31385.0,1,27,1,4,40,757
PG,Couple,24570.0,1,193,0,11,40,673
PG,Single,25509.0,1,101,0,9,50,835
PG,Couple,94642.0,0,2211,2,21,73,323
PG,Couple,58646.0,1,140,0,8,62,570
PG,Single,53201.0,2,415,0,22,49,688
PG,Couple,21994.0,1,22,0,4,67,738
PG,Couple,57113.0,2,263,0,16,46,694
PG,Couple,51373.0,0,393,0,12,33,558
PG,Couple,23477.0,1,147,0,10,38,437
PG,Couple,58116.0,1,443,0,16,68,263
PG,Single,72968.0,0,1958,1,19,61,381
PG,Couple,39791.0,1,174,0,10,53,644
PG,Single,91712.0,0,2217,1,27,77,441
PG,Single,94472.0,1,1691,2,16,66,273
PG,Couple,13672.0,2,25,0,6,64,624
PG,Couple,96547.0,0,809,3,21,44,223
PG,Couple,79205.0,0,895,1,16,49,855
PG,Couple,56559.0,1,484,0,18,49,737
PG,Couple,32644.0,1,413,1,18,51,715
PG,Single,67506.0,1,331,0,12,44,364
PG,Single,24206.0,1,25,0,5,54,664
PG,Single,28420.0,1,13,0,4,57,373
PG,Couple,22979.0,1,115,0,10,54,847
PG,Single,33279.0,0,16,0,4,58,203
PG,Single,46423.0,2,92,0,9,52,470
PG,Couple,30368.0,1,52,0,7,47,420
PG,Couple,63684.0,1,1464,0,23,54,766
PG,Single,41638.0,1,441,1,17,60,687
PG,Single,68805.0,1,283,0,12,65,471
PG,Couple,65814.0,1,747,0,23,58,305
PG,Single,71964.0,0,1870,0,17,66,591
PG,Single,39146.0,1,165,0,11,38,686
PG,Couple,96876.0,0,1941,3,24,47,513
UG,Couple,34445.0,0,839,0,27,43,704
PG,Single,68281.0,0,1655,0,25,66,877
PG,Couple,37284.0,2,23,0,4,49,643
PG,Couple,36790.0,0,66,0,6,41,671
PG,Couple,27943.0,2,37,0,8,57,626
PG,Single,22263.0,2,21,0,6,73,277
PG,Couple,30261.0,3,22,0,4,52,828
PG,Couple,28587.0,1,78,0,9,46,323
PG,Couple,43815.0,1,79,0,6,42,636
PG,Couple,48195.0,2,265,0,17,68,345
PG,Couple,77027.0,1,1175,0,19,72,330
PG,Couple,71322.0,1,1305,0,28,59,684
PG,Couple,32765.0,1,46,0,8,45,312
PG,Couple,29672.0,2,25,0,4,59,660
PG,Single,23272.0,0,46,0,5,71,441
PG,Couple,49912.0,1,874,1,26,75,846
PG,Couple,7500.0,1,100,0,10,39,883
PG,Single,68117.0,1,930,1,25,77,662
PG,Couple,67225.0,1,868,0,23,69,401
PG,Couple,17649.0,1,45,0,9,48,415
PG,Couple,55914.0,1,1260,0,29,49,612
PG,Couple,40059.0,1,414,1,12,40,460
PG,Couple,60905.0,1,392,0,15,74,392
PG,Couple,75330.0,2,1109,0,29,47,819
PG,Single,60689.0,1,639,0,22,73,579
PG,Couple,38680.0,1,79,0,6,40,644
PG,Couple,61416.0,0,1665,1,24,42,692
PG,Single,49767.0,0,692,0,18,33,609
PG,Single,83273.0,3,1392,0,29,54,828
PG,Couple,29009.0,1,44,0,7,43,398
PG,Couple,45057.0,1,50,0,6,45,396
PG,Couple,37150.0,1,467,0,21,53,842
PG,Single,43020.0,1,223,0,12,54,397
PG,Couple,53154.0,1,158,0,9,65,206
PG,Couple,65308.0,0,1211,2,28,51,477
PG,Single,76467.0,1,1575,0,14,54,867
PG,Couple,81044.0,0,1208,0,22,77,370
PG,Couple,32871.0,2,43,0,5,73,663
PG,Single,55801.0,2,527,1,21,49,466
PG,Single,76320.0,1,932,0,15,65,193
PG,Single,36927.0,2,71,0,8,69,213
PG,Couple,48794.0,2,54,0,5,71,189
PG,Single,23478.0,0,129,0,7,59,653
PG,Single,71128.0,1,1615,0,27,51,817
PG,Single,70179.0,1,1034,0,26,48,529
PG,Couple,59462.0,1,1088,0,25,74,726
PG,Couple,52917.53424657534,2,721,0,25,55,593
PG,Couple,38361.0,1,137,0,10,55,370
PG,Single,56145.31392931393,1,47,0,8,43,580
PG,Couple,70038.0,0,1244,0,17,42,433
PG,Couple,42554.0,2,41,0,7,46,719
PG,Couple,67445.0,1,1174,0,32,50,872
PG,Single,67046.0,1,993,0,15,73,725
PG,Couple,42192.0,0,100,0,7,76,482
PG,Couple,77610.0,1,1680,0,17,72,794
PG,Couple,31761.0,1,98,0,9,40,271
PG,Couple,34350.0,1,48,0,5,45,439
PG,Couple,54591.0,1,519,0,19,75,514
PG,Couple,71866.0,1,715,0,20,68,372
PG,Couple,25293.0,1,37,0,5,55,473
PG,Single,42000.0,0,653,0,20,37,721
PG,Couple,69520.0,0,1455,0,21,41,543
PG,Single,64713.0,1,602,0,19,54,328
PG,Couple,27889.0,1,26,0,5,47,545
UG,Single,22123.0,0,102,0,7,64,280
PG,Couple,52720.37365591398,2,97,0,10,53,669
PG,Couple,52917.53424657534,1,207,0,11,70,557
PG,Couple,27803.0,1,176,0,9,51,858
PG,Single,52720.37365591398,1,450,0,15,69,440
PG,Couple,51651.0,1,433,0,17,64,785
PG,Couple,68487.0,0,1366,0,30,36,718
PG,Single,52917.53424657534,0,1564,1,22,81,428
PG,Couple,56796.0,1,1001,0,27,55,684
PG,Couple,87000.0,0,961,0,18,32,747
PG,Couple,79823.0,1,1518,1,23,65,276
PG,Single,30828.0,1,56,0,8,44,454
PG,Couple,34109.0,1,22,0,4,53,421
PG,Single,53367.0,2,400,0,21,50,488
UG,Couple,22390.0,0,26,0,4,55,437
PG,Couple,71322.0,1,350,0,13,48,244
PG,Single,79244.0,0,1216,2,22,31,743
PG,Couple,49912.0,1,874,1,26,75,846
PG,Couple,48699.0,2,40,0,5,74,590
PG,Couple,80144.0,0,1367,0,19,49,458
PG,Single,54252.0,2,264,0,15,68,583
PG,Couple,81929.0,1,2053,2,20,48,824
PG,Couple,76068.0,1,1376,2,10,49,763
PG,Couple,53204.0,2,45,0,5,48,287
PG,Couple,67911.0,1,976,0,27,75,224
PG,Couple,14796.0,1,51,0,6,40,836
PG,Couple,78128.0,1,1264,2,20,50,316
UG,Couple,14188.0,0,75,0,7,52,672
UG,Couple,20425.0,1,57,0,7,38,794
PG,Couple,58646.0,1,140,0,8,62,570
PG,Single,72967.0,1,497,1,19,54,747
PG,Couple,48150.0,1,266,0,13,75,572
PG,Single,82332.0,0,2006,1,21,63,836
PG,Single,58275.0,2,615,0,23,69,578
PG,Couple,44953.0,0,1021,1,24,43,741
PG,Couple,34587.0,2,22,0,6,71,230
PG,Couple,43018.0,1,133,0,7,50,426
PG,Couple,45736.0,1,437,0,19,70,526
PG,Couple,66476.0,1,1013,0,26,55,393
PG,Couple,27733.0,1,57,0,7,43,493
PG,Couple,69805.0,1,1038,0,27,72,345
PG,Single,72217.0,0,1573,0,22,62,631
PG,Single,25818.0,1,28,0,4,53,805
PG,Couple,37509.0,1,123,0,9,48,841
PG,Couple,25176.0,2,13,0,4,48,509
PG,Couple,43586.0,1,132,0,10,44,854
PG,Couple,53230.0,1,732,0,23,68,881
PG,Couple,50116.0,2,66,1,7,67,195
PG,Couple,84906.0,0,1631,3,24,52,454
PG,Couple,61286.0,1,608,0,18,58,517
PG,Couple,82333.0,0,1822,1,18,38,642
PG,Couple,65220.0,0,1282,0,23,59,850
PG,Couple,33590.0,3,8,0,4,50,424
PG,Single,30992.0,1,43,0,5,48,619
PG,Single,72309.0,0,1931,1,20,48,661
PG,Couple,156924.0,0,8,0,0,75,490
UG,Couple,16005.0,1,103,0,8,44,870
PG,Single,65487.0,0,1169,0,17,67,356
PG,Couple,58692.0,1,395,0,15,59,270
PG,Single,40590.0,2,258,1,15,55,456
PG,Single,20587.0,1,25,0,5,54,235
PG,Single,62637.0,1,185,0,10,70,306
PG,Single,29435.0,2,180,0,11,58,878
PG,Single,19346.0,1,22,0,5,50,336
PG,Couple,35788.0,2,44,0,7,53,343
PG,Single,36997.0,2,94,0,12,56,699
PG,Couple,23539.0,0,81,0,7,67,307
PG,Single,65333.0,1,798,2,28,51,349
PG,Single,78499.0,0,1334,1,19,67,404
PG,Couple,29732.0,1,38,0,5,53,282
PG,Couple,41275.0,3,61,0,11,64,283
PG,Couple,63516.0,2,300,0,16,51,544
PG,Couple,42769.0,1,88,0,8,62,446
PG,Couple,49572.0,2,54,0,7,66,382
PG,Couple,69209.0,0,1782,1,16,52,836
PG,Couple,17148.0,1,68,0,11,48,338
PG,Single,40590.0,2,258,1,15,55,456
PG,Couple,30560.0,1,31,0,5,48,553
PG,Couple,32146.0,1,66,0,8,41,234
PG,Single,41713.0,2,174,0,13,60,247
PG,Couple,34176.0,1,28,0,5,49,344
PG,Couple,58482.0,1,731,1,22,69,295
PG,Single,59686.0,1,274,0,12,59,341
PG,Couple,60896.0,1,1701,0,26,60,812
PG,Couple,62994.0,1,312,0,13,44,303
PG,Couple,47320.0,1,414,0,20,67,518
PG,Single,74859.0,0,1565,1,23,75,577
UG,Single,15253.0,1,29,0,6,32,430
PG,Single,31560.0,1,94,0,8,50,556
PG,Single,72071.0,1,1338,0,20,70,686
PG,Single,91172.0,0,1092,4,14,34,645
PG,Couple,90000.0,0,1479,3,18,40,374
PG,Single,41967.0,2,54,0,5,43,404
PG,Single,69263.0,1,568,1,18,59,302
PG,Single,65706.0,0,1199,3,27,54,552
PG,Couple,60934.0,1,873,0,23,49,349
PG,Couple,71965.0,1,1213,0,17,73,521
PG,Couple,65210.0,1,731,2,22,69,297
PG,Couple,79174.0,0,2043,2,19,49,720
PG,Single,81380.0,0,1893,0,17,57,740
PG,Single,48432.0,1,424,0,19,51,805
PG,Couple,52914.0,1,575,1,15,53,724
PG,Couple,38946.0,1,257,0,12,69,434
PG,Couple,26067.0,1,56,0,9,50,423
PG,Couple,44325.0,1,542,1,21,52,665
PG,Couple,42523.0,0,125,0,7,60,253
UG,Single,26487.0,1,69,0,9,46,591
PG,Couple,53233.0,1,40,0,5,67,289
PG,Couple,67716.0,1,1016,1,28,64,721
PG,Couple,76234.0,1,907,1,23,52,329
PG,Couple,84117.0,0,1566,1,24,68,235
PG,Couple,65487.0,0,1169,0,17,67,356
UG,Couple,25224.0,1,46,0,7,52,291
PG,Single,89616.0,0,1644,0,25,41,675
PG,Single,40851.0,2,59,0,5,53,679
PG,Couple,27469.0,0,17,0,4,77,882
PG,Couple,82347.0,0,1853,2,25,67,786
PG,Couple,73803.0,1,1528,1,22,67,883
PG,Single,8820.0,2,35,0,10,72,650
PG,Single,43322.0,0,141,0,8,50,255
PG,Couple,55593.0,1,546,1,17,51,498
PG,Couple,50501.0,2,500,1,20,70,562
PG,Couple,37085.0,2,61,0,10,49,189
UG,Single,16185.0,1,106,0,8,34,514
PG,Single,57731.0,1,704,0,26,55,769
PG,Single,48432.0,1,424,0,19,51,805
PG,Couple,73807.0,1,849,0,23,46,729
PG,Couple,18929.0,0,85,0,6,34,684
PG,Single,35893.0,2,199,0,15,56,808
PG,Couple,61014.0,1,1147,0,20,44,873
PG,Couple,32144.0,2,54,1,10,70,284
UG,Couple,14918.0,1,43,0,5,61,755
PG,Single,45146.0,2,53,0,6,61,535
PG,Single,41769.0,1,521,0,22,69,687
PG,Couple,88325.0,0,1623,0,18,43,330
PG,Single,38054.0,2,45,0,7,74,245
PG,Single,80617.0,0,1435,0,19,29,811
PG,Couple,5305.0,1,32,0,1,48,520
PG,Couple,36807.0,2,16,0,4,70,742
PG,Couple,28427.0,1,52,0,7,41,651
PG,Single,82032.0,0,1234,0,17,76,271
PG,Couple,22775.0,1,15,0,4,46,561
PG,Couple,40101.0,1,415,0,17,39,809
PG,Couple,58025.0,1,470,0,18,45,401
PG,Single,75777.0,0,1438,2,21,42,546
PG,Couple,7500.0,1,53,0,11,45,604
PG,Couple,33562.0,3,51,0,9,61,190
PG,Single,57642.0,1,679,1,22,54,357
PG,Couple,58554.0,2,586,0,22,56,827
PG,Couple,63777.0,2,653,0,26,45,648
PG,Single,57967.0,1,468,0,19,62,669
PG,Couple,47633.19,0,1679,1,1,46,872
PG,Couple,24434.0,2,50,0,7,52,228
PG,Single,11012.0,1,84,1,9,40,656
PG,Single,44802.0,0,1049,0,27,54,863
PG,Single,26816.0,0,22,0,4,38,867
PG,Couple,666666.0,1,62,0,11,47,578
PG,Couple,34421.0,1,30,0,4,50,549
PG,Couple,61223.0,1,1341,0,18,57,567
PG,Couple,64014.0,3,444,1,22,78,205
PG,Single,56981.0,0,1241,1,19,43,341
PG,Couple,69245.0,1,843,0,23,68,342
PG,Couple,52869.0,2,172,0,11,70,808
